Polg√°ri Tisza-hid;2002;10;1;[[21.0552074392,47.8535623743],[21.0510017355,47.8559525023],[21.0536624868,47.8578818024],[21.0536624868,47.8578818024],[21.0536624868,47.8579393924],[21.0575677832,47.8554053743],[21.0552074392,47.8535623743]]
Szekszard Szent Laszlo-hid;2003;07;04;[[18.8875748594,46.3498790197],[18.887274452,46.3537298006],[18.9028956373,46.3544999242],[18.9035822828,46.3501456209],[18.8875748594,46.3498790197]]
Dunaujvaros Pentele-hid;2007;07;23;[[18.9884702044,46.8892504416],[18.9010945635,46.9093075946],[18.9028111773,46.924316226],[18.993276723,46.9019189901],[18.9884702044,46.8892504416]]
M3 Fuzesabony-Polgar;2002;;;[[20.4282135249,47.7251911319],[20.4055542231,47.7254220803],[20.4066554997,47.734085408],[20.4334346745,47.7370871437],[20.4543773625,47.7583252511],[20.4959194157,47.7650180756],[20.5463878606,47.7767861265],[20.5954830144,47.786936815],[20.6466381047,47.8037733582],[20.692300031,47.8118437386],[20.7184122933,47.8300551306],[20.7343715907,47.8377722565],[20.7515377284,47.8651884691],[20.7958263636,47.8764732851],[20.8311886073,47.8861440288],[20.8641475917,47.8893672089],[20.8964199305,47.885913794],[20.9190792323,47.8810786263],[20.9489483119,47.8778549305],[20.9963268519,47.8711766367],[21.0337490321,47.8672613746],[21.067394662,47.8575871062],[21.0790676356,47.8506758091],[21.130480218,47.8511365909],[21.1412090541,47.850560613],[21.1478180171,47.84917824],[21.1612076045,47.8415745296],[21.1435264827,47.8375418067],[21.1321968318,47.8448004823],[21.1021560908,47.843878802],[21.0681671382,47.8448004823],[21.0352081538,47.8566656532],[20.961050439,47.8655339591],[20.916418481,47.8727887174],[20.8453506709,47.8773943861],[20.7790893794,47.8589692551],[20.7540268184,47.8428418921],[20.7354873896,47.8165665944],[20.6781524897,47.790969969],[20.6276840449,47.7854339051],[20.5833954097,47.7688221753],[20.5147308589,47.7618990548],[20.4821151973,47.7489734311],[20.4512161494,47.7385844424],[20.4282135249,47.7251911319]]
M3 Polgar-Gorbehaza;2004;9;;[[21.2596564086,47.7818136227],[21.1813788207,47.7984212021],[21.1429266723,47.8094899734],[21.1408667357,47.8406082481],[21.1309103759,47.8452167763],[21.1425833495,47.8569666701],[21.1488060744,47.8466568574],[21.1516384871,47.8417316146],[21.1546425612,47.8369211308],[21.1548142226,47.8251666954],[21.2348084243,47.8007273907],[21.2523178847,47.7984212021],[21.2658362182,47.7993436898],[21.2596564086,47.7818136227]]
M3 Gorbehaza-Nyiregyhaza;2007;08;31;[[21.2660136724,47.7907032977],[21.2645116353,47.7948549799],[21.2778583074,47.7970027687],[21.2935009504,47.8039068035],[21.2983503843,47.8072359789],[21.3065257573,47.8133461177],[21.3127699399,47.8172654509],[21.3218465352,47.8254345804],[21.3275757337,47.8297995671],[21.3347640538,47.8381251572],[21.3383260274,47.8421722366],[21.3442268872,47.8477310552],[21.3495054746,47.8525981326],[21.3594189191,47.8610784274],[21.3652983213,47.864303167],[21.3781729245,47.8728679073],[21.3860264325,47.8763077996],[21.4027205014,47.8816470962],[21.4119473005,47.8836473918],[21.4183416867,47.8855612714],[21.4432111287,47.8874463018],[21.4550772214,47.8903816322],[21.4708700681,47.8969135843],[21.480955174,47.9010711598],[21.4977779889,47.9050701735],[21.5122619176,47.9047681005],[21.526767304,47.9020637496],[21.5393414998,47.9005388937],[21.5630093122,47.903387173],[21.5769567991,47.9051708641],[21.5890160108,47.9043797184],[21.6050234342,47.8987982014],[21.618906548,47.8965826902],[21.642402699,47.9064222881],[21.6493549848,47.9061058389],[21.6652122045,47.9031713998],[21.6721859479,47.9014451814],[21.6852751279,47.8967121708],[21.6924634481,47.893000267],[21.7017331624,47.8861656398],[21.7134061361,47.8852734745],[21.7123332525,47.8804094646],[21.702806046,47.88245298],[21.6910472417,47.8879499242],[21.6863265538,47.8920362795],[21.6735377813,47.8984817056],[21.6608348394,47.9005532794],[21.6434970403,47.8977048441],[21.6258159185,47.8939642366],[21.6013541723,47.8965826902],[21.5940585637,47.9000641653],[21.5871491933,47.9012725564],[21.5790811086,47.9023370681],[21.5598550344,47.9000066221],[21.5392127538,47.8973307955],[21.5278401876,47.8990571511],[21.5144506002,47.9018479708],[21.5032926107,47.9026823104],[21.4854398275,47.8990859232],[21.4722648168,47.8941081111],[21.4605489278,47.8888132656],[21.4490476156,47.884294953],[21.436258843,47.8836905628],[21.425916245,47.8823378545],[21.4158740545,47.8792293697],[21.4027848745,47.8784234358],[21.3926139379,47.8751995747],[21.38540416,47.8722633839],[21.3768640065,47.8679739433],[21.3693538213,47.8629931407],[21.3633027578,47.8598547014],[21.3590112233,47.8556794188],[21.3464370275,47.8455133597],[21.3371243978,47.8363823674],[21.3309445882,47.8282293666],[21.3265243078,47.8237345853],[21.3084140325,47.8086915253],[21.2948527837,47.8014854511],[21.2825789953,47.7939900735],[21.2660136724,47.7907032977]]
M3 Nyiregyhaza-Or;2013;06;18;[[21.712196328,47.8816330171],[21.7124109047,47.8846837975],[21.7316369789,47.8875041705],[21.7482452171,47.8894898512],[21.7647247093,47.89032439],[21.7807750481,47.8909287027],[21.7933492439,47.893576085],[21.808069207,47.896223332],[21.8099574821,47.9024668458],[21.8210725563,47.9016612734],[21.8300847786,47.9057177784],[21.8464784401,47.9075013892],[21.863301255,47.9041354916],[21.8806390541,47.8976332235],[21.9052295463,47.8995034285],[21.9095210808,47.9043944145],[21.9242410438,47.9121615014],[21.9371585625,47.9154118251],[21.951063134,47.9140887091],[21.9687871712,47.910406817],[21.9847945946,47.9075876913],[22.0068101662,47.9083644046],[22.0238475578,47.9145489272],[22.0333747642,47.916821194],[22.044189431,47.9211065902],[22.0569782036,47.9262255915],[22.0737151878,47.9319191663],[22.0897655266,47.9393658761],[22.1113948601,47.9450580042],[22.1339683311,47.9520716839],[22.1471862572,47.9549458678],[22.1667556541,47.9598316136],[22.1898870247,47.964803104],[22.1952085274,47.9697453833],[22.2034053581,47.9738540112],[22.2137050407,47.9716991772],[22.2055940407,47.9628777859],[22.1365861671,47.9456329318],[22.0679216164,47.9200999854],[22.0291261452,47.9127943238],[22.0119600075,47.9060917664],[21.9886998909,47.9043656454],[21.953809716,47.9108383023],[21.9369439857,47.912017677],[21.9263009804,47.9091411061],[21.9143705147,47.901373566],[21.908920266,47.8960794634],[21.8961744087,47.8923962901],[21.8841581123,47.8944393326],[21.8668632286,47.8990430766],[21.8561343925,47.9032148661],[21.8437747734,47.9055451676],[21.8324880379,47.9019489793],[21.821287133,47.8962808793],[21.811931588,47.8942666843],[21.8057517784,47.8911301388],[21.7866115349,47.8884538534],[21.7719774025,47.8875329491],[21.7551975029,47.887043712],[21.745241143,47.8863242372],[21.7252425926,47.8824101197],[21.712196328,47.8816330171]]
M3 Or-Vasarosnameny;2014;10;14;[[22.2148313838,47.9711676376],[22.2100248652,47.9740407593],[22.2339716273,47.9999490926],[22.2396364527,48.0156830599],[22.2386064845,48.0341672079],[22.2424688655,48.0535626923],[22.2482195216,48.0688214592],[22.253626855,48.0780548314],[22.2568884211,48.0778254509],[22.2544851618,48.0691082348],[22.2478761988,48.0566033337],[22.2452154475,48.0451856571],[22.2454729395,48.036577695],[22.2474470454,48.0237778659],[22.2466745692,48.0109748576],[22.2355165797,47.9913910153],[22.2265043574,47.9803610641],[22.2148313838,47.9711676376]]
Budapest Megyeri-hid;2008;09;30;[[19.0962714011,47.6034082553],[19.0899199302,47.6071987384],[19.0860146338,47.6091083434],[19.0790623481,47.6115097173],[19.0742129142,47.6120015514],[19.0663164908,47.6106128315],[19.0666168982,47.6132166511],[19.0773457343,47.6138241903],[19.0904349143,47.6098605928],[19.0994471366,47.6053758686],[19.0962714011,47.6034082553]]
4-es Torokszentmiklos elkerulo;2004;;;[[20.3741830642,47.1812336284],[20.3669732863,47.1866004107],[20.3911741899,47.1887900792],[20.4039415048,47.1924792751],[20.4070528673,47.1934416319],[20.4236396478,47.1971305044],[20.4308065103,47.1979032397],[20.4488309549,47.1917502053],[20.4567917513,47.1921293229],[20.4626496958,47.1947539084],[20.4632290529,47.193879061],[20.4587658571,47.1914294115],[20.4553970026,47.1906565819],[20.4501184152,47.1905107637],[20.444220906,47.1910334304],[20.4255098159,47.1937163939],[20.4013055617,47.1891669409],[20.3741830642,47.1812336284]]
M4 Vecses-Ullo (Ferihegy);2005;12;17;[[19.3036968464,47.4022773733],[19.2960579151,47.4077960351],[19.2830974811,47.4136045281],[19.2740852588,47.4185993197],[19.2662746662,47.4210384644],[19.2567474598,47.417379705],[19.2539150471,47.4194123805],[19.2617256397,47.4240582012],[19.2681629413,47.4245808304],[19.2844707722,47.4179604775],[19.2975170368,47.4128494602],[19.3098766559,47.4070989729],[19.3083317035,47.4023935616],[19.3036968464,47.4022773733]]
4-es kisujszallas elkerulo;2011;07;6;[[20.8074520466,47.227822959],[20.7913158771,47.2316697169],[20.7689998981,47.2376141574],[20.7470272419,47.2428586981],[20.7247112629,47.242159456],[20.6972454426,47.2363320796],[20.6936405536,47.2398285823],[20.7317493793,47.2510158407],[20.7611034748,47.2442571546],[20.8093403217,47.2329519076],[20.8074520466,47.227822959]]
M5 Kiskunfelegyhaza-Szeged;2005;12;10;[[20.0362874432,46.2989919768],[19.9992085858,46.35257294],[19.9152661725,46.4411270421],[19.8731469716,46.5515277732],[19.8302316274,46.6043892407],[19.8232588816,46.6733668873],[19.8280654002,46.6761936914],[19.8364768076,46.658641559],[19.9771071835,46.4232916382],[20.0452138348,46.3150006372],[20.0553418561,46.3010081398],[20.0362874432,46.2989919768]]
M5 Szeged-Roszke;2006;3;11;[[19.9814474313,46.1713111652],[19.9659979074,46.172737662],[19.9811041086,46.187238279],[20.020929548,46.220028842],[20.0312292306,46.2518502254],[20.0370657174,46.2995477029],[20.0485670297,46.2971756755],[20.0441038339,46.2590905742],[20.0350057809,46.2171782656],[20.0106298654,46.1931800501],[19.9920904367,46.1782055569],[19.9814474313,46.1713111652]]
M6 M0-Erdi-teto;2008;09;23;[[18.9066793101,47.3575812047],[18.9047910349,47.3603138779],[18.9083530085,47.3608080697],[18.9121499574,47.3616051039],[18.9132442987,47.361821308],[18.9163234747,47.3625425878],[18.9178201473,47.3629749876],[18.9197191513,47.3635945121],[18.9210146582,47.3640705056],[18.9225730217,47.3648171889],[18.9236056721,47.3653240555],[18.9259070075,47.3663922745],[18.9267465389,47.3666938426],[18.9286026275,47.3675567539],[18.929519943,47.3680581443],[18.9314135826,47.3689973301],[18.932561568,47.3695096063],[18.9346107757,47.3704869136],[18.934382788,47.3714696524],[18.9357131636,47.3718075214],[18.9365151441,47.371525964],[18.9428719795,47.373669395],[18.9507040298,47.3795397698],[18.9542445457,47.3826708535],[18.9561006344,47.3825110347],[18.9566585338,47.3834045608],[18.9588364876,47.3859615601],[18.9637073791,47.3872763324],[18.9673659122,47.3875160387],[18.9699944771,47.3892084797],[18.9697047985,47.3919104617],[18.9681169307,47.3964642953],[18.968363694,47.3978296424],[18.9698838197,47.4009305246],[18.9728878938,47.398141857],[18.9708279573,47.3947139175],[18.9718579255,47.3903560454],[18.971106907,47.3891212494],[18.969669243,47.3875668181],[18.9679526292,47.3870874048],[18.9640687905,47.3864772361],[18.9603351556,47.3858670604],[18.9585425036,47.3813420038],[18.9432217257,47.3721877341],[18.9378573076,47.369455676],[18.9345099108,47.3672176079],[18.9292313234,47.3667525429],[18.9222361223,47.3634097675],[18.9066793101,47.3575812047]]
M6 Erdi-teto-Dunaujvaros;2006;06;11;[[18.90218234,46.9126921941],[18.8843295568,46.9192585729],[18.8867328161,46.9340299833],[18.882612943,46.9675436245],[18.8767764562,46.9942457603],[18.8918826574,47.0239771732],[18.8877627843,47.045036659],[18.8699100011,47.0798835396],[18.839354276,47.0967141385],[18.8232181066,47.1212492291],[18.7984988683,47.1446054677],[18.7998721593,47.1777537024],[18.8108584875,47.2099483686],[18.8228747839,47.252378137],[18.8472506994,47.2663585278],[18.8592669958,47.2957053332],[18.8651034826,47.3250358607],[18.8908526891,47.3427194202],[18.9045212263,47.3587439896],[18.9057228559,47.3577555628],[18.9035770887,47.3534527834],[18.9022252553,47.3492877658],[18.901334762,47.3472669233],[18.8958308691,47.3384517677],[18.8929984563,47.3352235356],[18.8860890859,47.3296391006],[18.8694808477,47.3085176178],[18.8676784032,47.2982156505],[18.8653609746,47.286980144],[18.8620135778,47.2710833564],[18.8479373449,47.2524436787],[18.8276813024,47.223072878],[18.8163516515,47.1820197432],[18.8136050695,47.1472396995],[18.835234403,47.1269213588],[18.856177091,47.0972473128],[18.8702533239,47.0864951513],[18.8755962842,47.0795182333],[18.8770232194,47.0775820679],[18.883857488,47.064041557],[18.8874623769,47.0570251526],[18.8948867315,47.0512359239],[18.9102504247,47.034624952],[18.9083621496,47.02467929],[18.8905093664,46.9991631202],[18.8891360754,46.9841754685],[18.8966891759,46.9595772477],[18.8977191442,46.935202143],[18.9076755041,46.9209000418],[18.90218234,46.9126921941]]
M6 Dunaujvaros-Pecs;2010;03;31;[[18.5332377694,45.9757037252],[18.5061152719,45.9825033144],[18.4834559701,45.9847696586],[18.4511836313,45.9779703477],[18.4359057687,45.9823840306],[18.4065516733,45.9765388074],[18.3856089853,45.99896202],[18.3710177682,46.0100509958],[18.342693641,46.0223297405],[18.3263858102,46.023402511],[18.295315101,46.0161311034],[18.2839854501,46.0166079463],[18.2812388681,46.0236409016],[18.2941134713,46.0222105425],[18.298061683,46.020660945],[18.3174594186,46.0274550117],[18.3505900644,46.0254287985],[18.3646662973,46.0174424115],[18.3751896324,46.0117264147],[18.3851889076,46.0056160144],[18.3917549553,46.0011743731],[18.4045437278,45.9890102011],[18.4109810295,45.9832253186],[18.4199074211,45.9814360573],[18.432867855,45.985879283],[18.4439400139,45.9861476544],[18.4549692573,45.9835533435],[18.4664276542,45.9852530782],[18.4796026649,45.9885629379],[18.4987429085,45.9877578551],[18.5104158821,45.9861774733],[18.5208443107,45.9840901075],[18.5333755913,45.9788117027],[18.5453918876,45.9805115829],[18.558523983,45.9834638824],[18.5707548561,45.9848952436],[18.5766771736,45.9827780087],[18.5786941948,45.9905308688],[18.5761192741,46.0013234272],[18.5695961418,46.0133656756],[18.5704544487,46.0411660975],[18.5719135704,46.0601386327],[18.5775783958,46.063980001],[18.5891655388,46.0775864185],[18.5877493324,46.0858320016],[18.5847452583,46.10309313],[18.588950962,46.1150239582],[18.6088636818,46.1279039726],[18.6306646766,46.144230193],[18.6595467033,46.1662881763],[18.671477169,46.1835241089],[18.6955955925,46.2009328582],[18.6986854973,46.2081799264],[18.6996296348,46.2126346168],[18.7165382805,46.2428575691],[18.7204006614,46.2580518216],[18.7176540794,46.3052695598],[18.742287487,46.3268480322],[18.7531021538,46.3435595706],[18.74889645,46.3619245181],[18.7490681114,46.3790398302],[18.7512138786,46.3888091431],[18.7460640373,46.3985767078],[18.7373951378,46.4065670514],[18.7373522224,46.4088011788],[18.7350991668,46.4111239825],[18.7325457039,46.4136833904],[18.7294772568,46.4159763996],[18.722396225,46.4241860611],[18.7190488281,46.4273364679],[18.7072685661,46.4384871489],[18.6991146507,46.4546723984],[18.710615963,46.4693349574],[18.7305286827,46.4799746641],[18.7619427147,46.5036110095],[18.7804821434,46.5382197083],[18.7990215721,46.5769364003],[18.8185909691,46.6111446132],[18.8070896568,46.6631233053],[18.8149860801,46.6855023637],[18.8649395408,46.71175649],[18.8647678795,46.740703633],[18.8541248741,46.822988569],[18.8724926414,46.8705388557],[18.8721493187,46.8994007046],[18.8882854881,46.9201575512],[18.8908942483,46.9175000598],[18.8976748727,46.9174414331],[18.8910659097,46.905069755],[18.8806803964,46.8918740608],[18.8820536874,46.8583130517],[18.8772471689,46.8397633535],[18.8643725656,46.8257294218],[18.8636000894,46.8178594215],[18.8622267984,46.8052885246],[18.869779899,46.7879280688],[18.8787062906,46.7646507788],[18.8742430948,46.7415987026],[18.8744147561,46.7352458878],[18.8775904916,46.7304219545],[18.8801654123,46.7209493179],[18.8776763223,46.714711767],[18.8732131265,46.7010572529],[18.8533004068,46.688812338],[18.829267814,46.6793912834],[18.8199980996,46.673737862],[18.8158782266,46.6650210118],[18.8217147134,46.6431048837],[18.8299544595,46.615992013],[18.8252337716,46.5947637709],[18.8178523324,46.5888065753],[18.8115866922,46.5764772297],[18.7981971048,46.5596009499],[18.7941630624,46.5501573841],[18.7822325967,46.5132527071],[18.7585433267,46.4808740528],[18.7183745645,46.4603024163],[18.7156279825,46.4399595934],[18.7341674112,46.4165322851],[18.7437804483,46.4074189459],[18.7539943002,46.3979489285],[18.7601741098,46.3825566444],[18.7533076547,46.3711872482],[18.7605174325,46.3515220816],[18.7629206918,46.3391981299],[18.7436946176,46.3183358822],[18.7285884164,46.3052929367],[18.7265284799,46.2661454499],[18.7215503,46.2395566702],[18.7105639718,46.2226946069],[18.7055857919,46.2135489276],[18.7000926278,46.1988176187],[18.691509559,46.1838446615],[18.6758883737,46.1757623232],[18.6702235483,46.1704130637],[18.6499675058,46.1512703412],[18.5933192514,46.1109418384],[18.5895427011,46.0990398846],[18.5943492196,46.0729656301],[18.5850795053,46.0618892732],[18.5752948068,46.0539081549],[18.5742648385,46.0236409016],[18.5838778756,45.9977695246],[18.5837062143,45.9859624341],[18.5864527963,45.9782089341],[18.5725482248,45.9776124661],[18.5627635263,45.9795211412],[18.5332377694,45.9757037252]]
M6 58-as + kokenyi ut;2015;07;31;[[18.2293055481,46.0117399389],[18.2154438919,46.0148991975],[18.206732077,46.019607946],[18.2057450241,46.0203827649],[18.2071183151,46.0214257732],[18.212096495,46.0190715265],[18.2211516327,46.0156442793],[18.2305071777,46.0142435172],[18.2293055481,46.0117399389]]
M7 Becsehely-Letenye;2004;09;;[[16.7344926748,46.4114085755],[16.717069045,46.4146041016],[16.7068551931,46.4223554331],[16.7061685476,46.4257278059],[16.7116617116,46.4263785906],[16.7158674154,46.4206395845],[16.7268537435,46.416379313],[16.7501996907,46.4168526929],[16.7709707174,46.4227104296],[16.7956899556,46.436198581],[16.8167184743,46.4461942235],[16.8124269399,46.450629572],[16.8144868764,46.4521670752],[16.8178342733,46.4500382131],[16.8202375325,46.4470813221],[16.8235849294,46.4444791252],[16.8169759664,46.4422316734],[16.7901109609,46.4285083773],[16.7753480825,46.421882101],[16.7602418813,46.4147816254],[16.7344926748,46.4114085755]]
M7 Balatonszarszo-Ordacsehi;2005;07;;[[17.6254859827,46.7479902848],[17.6198211572,46.7541063775],[17.6395622156,46.7606921627],[17.6610198877,46.7669243966],[17.6984420679,46.766806814],[17.7113166712,46.7753896726],[17.7308860681,46.7879675554],[17.7453056238,46.7944316789],[17.7586952112,46.7964295236],[17.7899375818,46.7925512867],[17.8045287988,46.8031276382],[17.8228965662,46.8105298473],[17.8465858362,46.8148767017],[17.8522506616,46.8209852006],[17.8469291589,46.8292070839],[17.8536239526,46.8317908447],[17.8603187463,46.8247439318],[17.8652969263,46.8202804092],[17.8558555505,46.8138193911],[17.8388610742,46.808885],[17.8191200159,46.8016000714],[17.8024688623,46.7906708288],[17.7918258569,46.786557098],[17.7628150842,46.7916110659],[17.7483955286,46.7893779758],[17.7286544702,46.7780935776],[17.7190414331,46.7676298871],[17.7058235071,46.7619857045],[17.6840225122,46.7616329235],[17.6613632105,46.7601041789],[17.6426521204,46.756811351],[17.6254859827,46.7479902848]]
M7 Ordacsehi-Balatonkeresztur;2006;03;27;[[17.3520294852,46.6681336037],[17.3467938132,46.6683397498],[17.3465363211,46.6704011674],[17.3473517126,46.6721680342],[17.3471371359,46.6744059826],[17.3550335593,46.6769971754],[17.3706547446,46.6852410534],[17.3818127341,46.6865364055],[17.4053303427,46.6879494816],[17.4408642477,46.6943078662],[17.4606053061,46.7000768638],[17.4666134543,46.7023136562],[17.466956777,46.7051389458],[17.4712483115,46.7053743799],[17.4789730734,46.7047857927],[17.5030056662,46.7049035106],[17.5357929892,46.70031232],[17.5630871481,46.7072578159],[17.5682369894,46.7134962283],[17.5840298361,46.7300892486],[17.6087490744,46.7459125867],[17.6227394766,46.7532050526],[17.6264301962,46.7500294226],[17.5937716193,46.7257649637],[17.5811115927,46.717850919],[17.5726143545,46.7095531647],[17.559825582,46.7025491027],[17.5476805395,46.6977516787],[17.5351063437,46.6964565955],[17.5171248144,46.696309425],[17.5028769202,46.7007243659],[17.4931780524,46.7021665017],[17.4796597189,46.7015484482],[17.475926084,46.6991938939],[17.4703900046,46.6993410566],[17.4629227347,46.6961622541],[17.4421517081,46.6908638341],[17.4263588614,46.6873018263],[17.4149862952,46.686065372],[17.3988072104,46.6844461628],[17.3828856177,46.6840928743],[17.370955152,46.6816492326],[17.3590676016,46.6758193759],[17.3518149084,46.6709606814],[17.3520294852,46.6681336037]]
M7 Becsehely-Sormas;2006;11;11;[[16.8233012559,46.4438409071],[16.8203830125,46.4480990326],[16.8411540391,46.4510558683],[16.8631266954,46.4514106778],[16.8787478807,46.4543673338],[16.8854426744,46.4609896607],[16.8928241136,46.4602801642],[16.8878459336,46.4550769073],[16.878919542,46.4473893681],[16.8526553514,46.4472710898],[16.834287584,46.4463248541],[16.8233012559,46.4438409071]]
M7 Zamardi-Balatonszarszo;2007;08;08;[[17.9177014946,46.8123476122],[17.9031102776,46.8145797491],[17.8802793144,46.8192786819],[17.8701512932,46.821275604],[17.8560750603,46.8152846152],[17.8504102349,46.8213930677],[17.8471486687,46.8305544453],[17.8512685417,46.8336078909],[17.8574483513,46.8226851514],[17.87598778,46.8266786684],[17.894183886,46.821275604],[17.9139249443,46.8173991581],[17.9262845635,46.8218629199],[17.9369275688,46.8351345486],[17.9468839287,46.8392445654],[17.9528920769,46.853685845],[17.9618184685,46.8607289629],[17.9655950188,46.8770419702],[17.9662816643,46.8824394275],[17.9724614739,46.8850206282],[17.9825894951,46.8817354421],[17.9813878655,46.8780980371],[17.9707448601,46.8746950802],[17.9695432305,46.8620201009],[17.9654233574,46.8539206305],[17.9594152092,46.8482854957],[17.9544370293,46.8347822468],[17.9372708916,46.8271484744],[17.9317777275,46.8172816857],[17.9177014946,46.8123476122]]
M7 Nagykanizsa-Sormas;2007;08;24;[[16.892177852,46.4598922252],[16.8853113969,46.4615477144],[16.8937228044,46.4717160441],[16.9041941484,46.4829462933],[16.927711757,46.4810550452],[16.943676265,46.4763266373],[16.9637606462,46.4802276035],[16.9725153764,46.4786908926],[16.9785235246,46.4799911893],[16.9826433976,46.4791637314],[17.0001528581,46.4802867069],[17.0127699693,46.4785726823],[17.0391199906,46.4799911893],[17.0387766679,46.4738440587],[17.0279620011,46.4723071676],[17.0015261491,46.4750262532],[16.9819567521,46.4759719902],[16.9654772599,46.4745533785],[16.9443629106,46.4725436152],[16.9174120744,46.4750262532],[16.9134638627,46.4767994966],[16.9064257463,46.4745533785],[16.8938944657,46.4628484206],[16.892177852,46.4598922252]]
M7 Balatonkeresztur-Zalakomar;2008;06;26;[[17.2090647538,46.5271945412],[17.2006533463,46.5284346273],[17.2023699601,46.533571825],[17.2094080766,46.5473276739],[17.2220251878,46.5593095425],[17.2363589128,46.5685744938],[17.2480318864,46.5803746879],[17.2464011033,46.5961239451],[17.2527525743,46.612104467],[17.260820659,46.6211245985],[17.2777293046,46.6329133543],[17.2884581407,46.6470564723],[17.3045084794,46.6543623015],[17.3170397599,46.6652602928],[17.3427031358,46.6705023277],[17.3457930406,46.6668506268],[17.3287985642,46.6641411409],[17.3210738023,46.6623740117],[17.3037360032,46.648941942],[17.2910330613,46.6415175248],[17.2833082994,46.6314988391],[17.266313823,46.6164083773],[17.2572157701,46.6095101641],[17.2537825425,46.5967137161],[17.2570441087,46.5868047127],[17.2549841722,46.5778378629],[17.2494910081,46.5665682055],[17.2357580979,46.5603718465],[17.2188494523,46.5500430089],[17.2147295793,46.541365266],[17.21232632,46.5333356426],[17.2090647538,46.5271945412]]
M7 Zalakomar-Nagykanizsa;2008;08;19;[[17.0439397446,46.4750966391],[17.0382749191,46.4753330746],[17.0393048874,46.4800615688],[17.0669423691,46.4798251538],[17.1069394699,46.4895173245],[17.1443616501,46.5080694673],[17.180753862,46.5114956037],[17.1956972794,46.5208438904],[17.2016107193,46.5283868421],[17.2072755448,46.5269695973],[17.2005807511,46.5174612911],[17.1941434494,46.5104323431],[17.1756040207,46.5044068069],[17.1489965073,46.5028707791],[17.1136342636,46.4864443842],[17.090116655,46.4805343956],[17.071920549,46.4753330746],[17.0439397446,46.4750966391]]
M8 Marko elkerulo;2015;10;2;[[17.8192157834,47.1147254155],[17.8066415875,47.1161272509],[17.8023929684,47.1180839178],[17.8051395505,47.118960014],[17.8114481061,47.1169449712],[17.8169412701,47.1165653169],[17.8215761273,47.1181423247],[17.8274984448,47.1203617379],[17.8292150586,47.1186387804],[17.8246660321,47.1169449712],[17.8192157834,47.1147254155]]
M8 Akarattya-Fuzfo;2006;05;16;[[18.1865719134,47.0162958119],[18.1844690616,47.0162958119],[18.1777313525,47.0240196995],[18.1531408603,47.0414236069],[18.135030585,47.0531790006],[18.122070151,47.0583248253],[18.0809143359,47.0642009835],[18.0687692935,47.0740808242],[18.0625894839,47.0798675726],[18.0489424045,47.0760098102],[18.044522124,47.0723563686],[18.0374840075,47.0727947948],[18.03653987,47.0739346861],[18.0409601504,47.0753375957],[18.0548218066,47.0799552458],[18.0638340289,47.0815333382],[18.0679109866,47.0804812818],[18.0740907962,47.0745484636],[18.0834892566,47.0668026577],[18.0944326694,47.065370291],[18.1164053256,47.0627100793],[18.1343010242,47.0586171868],[18.1563595111,47.0434415079],[18.1765297229,47.0292268416],[18.1850698764,47.0213574251],[18.1865719134,47.0162958119]]
M8 M7-Akarattya;2019;11;29;[[18.1936744029,46.9991617633],[18.1863787944,47.0079123741],[18.1844046885,47.0152863577],[18.1864646251,47.0157545127],[18.1892112071,47.0123602955],[18.1960347468,47.000098352],[18.1936744029,46.9991617633]]
M30 M3-Emod;2002;;;[[20.838021966,47.8848360481],[20.8230874262,47.8849511681],[20.8387086115,47.9175198282],[20.8469483576,47.9262626921],[20.8527848444,47.9221215197],[20.838021966,47.8848360481]]
M30 Emod-Nyekladhaza;2003;;;[[20.8547065078,47.9213737727],[20.8440635025,47.9271253946],[20.8704993545,47.9469060903],[20.8842322647,47.9611618975],[20.8910987198,47.9756436084],[20.8910987198,47.9859852016],[20.9038016617,47.9866745675],[20.9096381485,47.9719660983],[20.8955619156,47.954724278],[20.8759925186,47.9367866798],[20.8547065078,47.9213737727]]
M30 Nyekladhaza-Felsozsolca;2004;;;[[20.9046599685,47.9828829412],[20.8902404129,47.9840319483],[20.8586547195,48.0226237202],[20.8480117141,48.0508601039],[20.838398677,48.0630222306],[20.8449218094,48.0910071518],[20.839771968,48.1114127791],[20.8387419998,48.1159971988],[20.8480117141,48.117601649],[20.856594783,48.1001792224],[20.8572814285,48.0710522487],[20.8507582962,48.062333885],[20.8596846878,48.0444336696],[20.8820006668,48.0159641071],[20.9046599685,47.9828829412]]
M30 304 3 + Miskolc-del;2004;;;[[20.8224131358,48.0523448102],[20.8018137706,48.052689051],[20.8007838023,48.0570492341],[20.8150316966,48.0564755469],[20.8280779612,48.0577376503],[20.8394076121,48.0607206809],[20.8433558238,48.0565902849],[20.8224131358,48.0523448102]]
M30 Miskolc eszaki elkerulo;2015;06;26;[[20.8437206042,48.1160407815],[20.8398582232,48.1163272939],[20.8396865619,48.1242916991],[20.831103493,48.1343170721],[20.8219196094,48.1345462006],[20.810160805,48.1301925842],[20.8002902759,48.1285885272],[20.786471535,48.1291614104],[20.7808067096,48.1368374294],[20.7803775561,48.139357663],[20.7862140429,48.1375820568],[20.7904197467,48.1323694385],[20.8044101489,48.1321403003],[20.8116199267,48.1360927913],[20.8262111438,48.1384412288],[20.8381416095,48.1382693955],[20.8433772815,48.1274427415],[20.8437206042,48.1160407815]]
M31;2020;07;26;[[19.300995186,47.5102019081],[19.2939570695,47.5117092391],[19.2989352494,47.520520462],[19.3049433976,47.5439325728],[19.3126681596,47.5596892948],[19.324684456,47.5724302369],[19.3097499162,47.582504969],[19.3090632707,47.5914200689],[19.3167880326,47.5992918815],[19.3145564347,47.6114445603],[19.3243411332,47.6110973801],[19.3241694718,47.5959349298],[19.3154147416,47.5871363793],[19.3226245195,47.5806522902],[19.3330958634,47.5698822964],[19.3205645829,47.5560981059],[19.3176463395,47.5452071896],[19.3106082231,47.5366318974],[19.30648835,47.5243459271],[19.3068316728,47.5171584594],[19.300995186,47.5102019081]]
M35 Gorbehaza-Debrecen;2006;12;25;[[21.5441768211,47.4945826721],[21.5422885459,47.5081511299],[21.5457217735,47.5378271492],[21.5409152549,47.5622740608],[21.5237491172,47.5824254942],[21.5160243553,47.6009487046],[21.5110461753,47.6233993035],[21.4868419212,47.6449150549],[21.4609210533,47.6645722405],[21.4495914024,47.6839908956],[21.4491193336,47.6857387979],[21.4425533562,47.6926287656],[21.4361696987,47.6986440629],[21.4195061133,47.7158625132],[21.3995933935,47.7238310657],[21.3841438696,47.7267179216],[21.3759695623,47.730721773],[21.3691031072,47.7345318848],[21.3572155569,47.7421224131],[21.3457142446,47.7478939372],[21.3375603292,47.7510968569],[21.3231407735,47.754645808],[21.3051163289,47.7597812599],[21.2752901647,47.7749826878],[21.2515800041,47.7876656993],[21.2618796867,47.7892803762],[21.2857406181,47.7745157488],[21.3185279411,47.7586506373],[21.3275401634,47.7551308114],[21.3374965232,47.7533419561],[21.3574092429,47.7448584827],[21.37200046,47.7367199742],[21.3896815818,47.7290997919],[21.4206664604,47.7239613123],[21.4373176139,47.7078497594],[21.4520804923,47.6879777608],[21.4628093284,47.6754961232],[21.4840095085,47.6572305693],[21.4946525138,47.647228049],[21.5094153922,47.6362404146],[21.5234916252,47.6152996834],[21.5246932548,47.6063886519],[21.5328471702,47.5885041453],[21.5529315513,47.5621582255],[21.5570514243,47.5511527092],[21.556879763,47.5355093147],[21.5543048423,47.5136007197],[21.5517299217,47.4949306251],[21.5441768211,47.4945826721]]
M35 Debrecen-Berettyoujfalu;2018;12;20;[[21.5512410361,47.2687206469],[21.5392247397,47.2773396632],[21.4911595542,47.2952720346],[21.4959660727,47.3152932111],[21.4945927817,47.3450781296],[21.5162221152,47.3646153542],[21.5299550254,47.3943724545],[21.5484944541,47.4187700372],[21.5636006552,47.4396732569],[21.5543309409,47.4698521408],[21.5392247397,47.4893431318],[21.5550175864,47.4930548817],[21.5725270468,47.4621929875],[21.5749303061,47.4357255069],[21.565317269,47.4106387652],[21.545747872,47.3934427993],[21.5351048667,47.3681033831],[21.5158787924,47.3457760122],[21.5076390463,47.3325146655],[21.5127888877,47.311336138],[21.5117589194,47.2987646463],[21.5570775229,47.2759420803],[21.5512410361,47.2687206469]]
M43 Szeged-Mako;2011;04;20;[[20.4896915753,46.2605678641],[20.4526127179,46.2695870461],[20.4117573102,46.2702990236],[20.3595722516,46.2778928747],[20.3286732038,46.2714856322],[20.285071214,46.2819266801],[20.2603519757,46.2781301656],[20.2332294782,46.2885699475],[20.1937473615,46.2878582074],[20.155295213,46.2942635355],[20.1333225568,46.2904678759],[20.1044834455,46.2923657386],[20.0818241437,46.2857229315],[20.0468052228,46.2947379744],[20.0468052228,46.3061232761],[20.0928104718,46.2973473151],[20.1528919538,46.3028028077],[20.1937473615,46.2966356891],[20.2246464093,46.2997193352],[20.2593220075,46.2921285093],[20.30326732,46.2926029668],[20.4096973737,46.2821639535],[20.4869449933,46.2707736701],[20.4896915753,46.2605678641]]
