Year,CityID_From,CityID_To,Connections,Distance
2002,379,380,30,218.669
2002,379,381,21,172.582
2002,379,382,44,168.367
2002,379,383,44,196.887
2002,379,384,22,122.232
2002,379,385,20,226.524
2002,379,386,7,84.142
2002,379,387,29,63.724
2002,379,388,8,215.509
2002,379,389,7,99.179
2002,379,390,9,60.172
2002,379,391,11,180.199
2002,379,392,15,189.771
2002,379,393,6,212.195
2002,379,394,26,107.426
2002,379,396,17,122.776
2002,379,1842,4,143.396
2002,379,2103,1,109.108
2002,380,379,30,218.697
2002,380,381,1,98.981
2002,380,382,0,202.51
2002,380,383,0,340.109
2002,380,384,0,339.739
2002,380,385,1,48.736
2002,380,386,0,178.733
2002,380,387,0,281.741
2002,380,388,0,433.525
2002,380,389,0,124.786
2002,380,390,0,278.189
2002,380,391,0,362.066
2002,380,392,0,118.216
2002,380,393,0,430.212
2002,380,394,0,325.443
2002,380,396,0,116.095
2002,380,1842,0,286.619
2002,380,2103,0,175.746
2002,381,379,21,172.569
2002,381,380,1,99.045
2002,381,382,0,244.305
2002,381,383,0,336.081
2002,381,384,0,293.318
2002,381,385,0,78.693
2002,381,386,0,173.318
2002,381,387,0,235.613
2002,381,388,0,387.397
2002,381,389,0,132.251
2002,381,390,0,232.061
2002,381,391,0,352.088
2002,381,392,0,189.324
2002,381,393,0,384.084
2002,381,394,0,279.315
2002,381,396,2,53.074
2002,381,1842,0,282.591
2002,381,2103,0,100.763
2002,382,379,44,167.813
2002,382,380,0,202.556
2002,382,381,0,244.261
2002,382,383,0,168.887
2002,382,384,0,278.782
2002,382,385,0,251.293
2002,382,386,0,84.98
2002,382,387,0,193.984
2002,382,388,1,331.816
2002,382,389,0,116.686
2002,382,390,0,221.949
2002,382,391,0,208.954
2002,382,392,0,92.961
2002,382,393,0,314.569
2002,382,394,0,220.989
2002,382,396,0,210.0
2002,382,1842,0,135.308
2002,382,2103,0,239.438
2002,383,379,44,196.164
2002,383,380,0,340.546
2002,383,381,0,335.903
2002,383,382,0,168.819
2002,383,384,1,213.247
2002,383,385,0,383.341
2002,383,386,0,163.867
2002,383,387,1,148.385
2002,383,388,0,214.034
2002,383,389,0,217.798
2002,383,390,0,198.74
2002,383,391,0,61.834
2002,383,392,1,260.981
2002,383,393,0,171.658
2002,383,394,1,136.046
2002,383,396,0,297.529
2002,383,1842,0,58.558
2002,383,2103,0,302.36
2002,384,379,22,122.013
2002,384,380,0,340.186
2002,384,381,0,292.811
2002,384,382,0,278.656
2002,384,383,1,213.001
2002,384,385,1,348.04
2002,384,386,0,202.861
2002,384,387,0,84.513
2002,384,388,0,99.161
2002,384,389,0,219.233
2002,384,390,0,64.038
2002,384,391,0,173.097
2002,384,392,0,309.825
2002,384,393,0,132.435
2002,384,394,0,77.845
2002,384,396,0,244.293
2002,384,1842,0,184.801
2002,384,2103,0,206.634
2002,385,379,20,226.355
2002,385,380,1,48.744
2002,385,381,0,78.979
2002,385,382,0,251.188
2002,385,383,0,382.996
2002,385,384,1,347.396
2002,385,386,0,221.619
2002,385,387,1,289.398
2002,385,388,0,441.182
2002,385,389,0,167.672
2002,385,390,0,285.846
2002,385,391,0,404.952
2002,385,392,0,166.894
2002,385,393,0,437.869
2002,385,394,0,333.1
2002,385,396,0,120.946
2002,385,1842,0,329.505
2002,385,2103,0,178.926
2002,386,379,7,83.599
2002,386,380,0,179.291
2002,386,381,0,172.907
2002,386,382,0,84.877
2002,386,383,0,163.069
2002,386,384,0,202.706
2002,386,385,0,222.086
2002,386,387,0,122.032
2002,386,388,0,275.062
2002,386,389,0,56.543
2002,386,390,0,140.197
2002,386,391,0,183.91
2002,386,392,0,120.059
2002,386,393,0,270.504
2002,386,394,0,165.735
2002,386,396,0,134.533
2002,386,1842,0,109.578
2002,386,2103,0,157.627
2002,387,379,29,63.921
2002,387,380,0,281.931
2002,387,381,0,236.007
2002,387,382,0,194.143
2002,387,383,1,148.53
2002,387,384,0,84.797
2002,387,385,1,289.949
2002,387,386,0,122.096
2002,387,388,0,153.36
2002,387,389,0,157.185
2002,387,390,0,50.355
2002,387,391,0,119.52
2002,387,392,0,240.899
2002,387,393,0,148.802
2002,387,394,0,44.033
2002,387,396,0,186.201
2002,387,1842,0,100.288
2002,387,2103,0,172.349
2002,388,379,8,214.942
2002,388,380,0,433.115
2002,388,381,0,387.028
2002,388,382,1,331.864
2002,388,383,0,214.417
2002,388,384,0,99.027
2002,388,385,0,440.97
2002,388,386,0,275.931
2002,388,387,0,154.08
2002,388,389,0,311.019
2002,388,390,0,158.395
2002,388,391,0,152.582
2002,388,392,0,394.734
2002,388,393,0,53.812
2002,388,394,0,111.341
2002,388,396,0,337.222
2002,388,1842,0,223.916
2002,388,2103,0,305.404
2002,389,379,7,98.983
2002,389,380,0,125.642
2002,389,381,0,132.238
2002,389,382,0,116.875
2002,389,383,0,217.24
2002,389,384,0,218.768
2002,389,385,0,168.437
2002,389,386,0,55.863
2002,389,387,0,157.245
2002,389,388,0,310.274
2002,389,390,0,156.799
2002,389,391,0,239.196
2002,389,392,0,100.218
2002,389,393,0,305.716
2002,389,394,0,200.947
2002,389,396,0,94.364
2002,389,1842,0,163.749
2002,389,2103,0,131.77
2002,390,379,9,60.045
2002,390,380,0,278.218
2002,390,381,0,232.131
2002,390,382,0,221.995
2002,390,383,0,198.887
2002,390,384,0,63.473
2002,390,385,0,286.072
2002,390,386,0,140.41
2002,390,387,0,50.357
2002,390,388,0,158.611
2002,390,389,0,157.265
2002,390,391,0,169.877
2002,390,392,0,247.857
2002,390,393,0,171.909
2002,390,394,1,79.184
2002,390,396,0,182.325
2002,390,1842,0,150.645
2002,390,2103,0,162.389
2002,391,379,11,179.654
2002,391,380,0,362.056
2002,391,381,0,351.74
2002,391,382,0,208.863
2002,391,383,0,62.004
2002,391,384,0,173.184
2002,391,385,0,404.851
2002,391,386,0,184.336
2002,391,387,0,119.505
2002,391,388,0,152.331
2002,391,389,0,239.308
2002,391,390,0,169.86
2002,391,392,0,294.809
2002,391,393,0,111.401
2002,391,394,0,95.983
2002,391,396,0,301.934
2002,391,1842,0,84.018
2002,391,2103,0,288.081
2002,392,379,15,189.829
2002,392,380,0,117.965
2002,392,381,0,188.742
2002,392,382,0,92.785
2002,392,383,1,260.88
2002,392,384,0,309.614
2002,392,385,0,166.701
2002,392,386,0,119.652
2002,392,387,0,240.864
2002,392,388,0,393.893
2002,392,389,0,99.742
2002,392,390,0,247.645
2002,392,391,0,294.416
2002,392,393,0,389.335
2002,392,394,0,284.566
2002,392,396,0,170.962
2002,392,1842,0,215.499
2002,392,2103,0,224.463
2002,393,379,6,213.025
2002,393,380,0,431.034
2002,393,381,0,385.111
2002,393,382,0,314.685
2002,393,383,0,171.673
2002,393,384,0,132.181
2002,393,385,0,439.052
2002,393,386,0,271.199
2002,393,387,0,149.349
2002,393,388,0,53.966
2002,393,389,0,306.288
2002,393,390,0,171.927
2002,393,391,0,111.58
2002,393,392,0,389.687
2002,393,394,0,106.465
2002,393,396,0,335.304
2002,393,1842,0,192.017
2002,393,2103,0,321.452
2002,394,379,26,107.978
2002,394,380,0,325.988
2002,394,381,0,280.064
2002,394,382,0,220.949
2002,394,383,1,136.12
2002,394,384,0,77.851
2002,394,385,0,334.006
2002,394,386,0,166.153
2002,394,387,0,44.302
2002,394,388,0,111.068
2002,394,389,0,201.241
2002,394,390,1,79.491
2002,394,391,0,96.217
2002,394,392,0,284.956
2002,394,393,0,106.312
2002,394,396,0,230.258
2002,394,1842,0,118.321
2002,394,2103,0,216.406
2002,396,379,17,122.857
2002,396,380,0,116.119
2002,396,381,2,53.391
2002,396,382,0,210.211
2002,396,383,0,297.623
2002,396,384,0,243.899
2002,396,385,0,120.794
2002,396,386,0,134.86
2002,396,387,0,185.9
2002,396,388,0,337.685
2002,396,389,0,94.527
2002,396,390,0,182.348
2002,396,391,0,302.375
2002,396,392,0,171.453
2002,396,393,0,334.371
2002,396,394,0,229.602
2002,396,1842,0,244.132
2002,396,2103,0,59.907
2002,1842,379,4,142.409
2002,1842,380,0,286.79
2002,1842,381,0,282.148
2002,1842,382,0,135.148
2002,1842,383,0,58.44
2002,1842,384,0,185.057
2002,1842,385,0,329.585
2002,1842,386,0,110.111
2002,1842,387,0,100.259
2002,1842,388,0,223.575
2002,1842,389,0,164.043
2002,1842,390,0,150.615
2002,1842,391,0,83.867
2002,1842,392,0,215.594
2002,1842,393,0,191.808
2002,1842,394,0,118.504
2002,1842,396,0,243.774
2002,1842,2103,0,248.605
2002,2103,379,1,108.681
2002,2103,380,0,175.706
2002,2103,381,0,99.977
2002,2103,382,0,239.129
2002,2103,383,0,301.351
2002,2103,384,0,206.802
2002,2103,385,0,178.671
2002,2103,386,0,157.045
2002,2103,387,0,171.724
2002,2103,388,0,305.503
2002,2103,389,0,131.756
2002,2103,390,0,162.431
2002,2103,391,0,288.199
2002,2103,392,0,224.436
2002,2103,393,0,320.195
2002,2103,394,0,215.426
2002,2103,396,0,59.807
2002,2103,1842,0,247.86
2003,379,380,109,218.669
2003,379,381,94,172.582
2003,379,382,130,168.367
2003,379,383,155,194.517
2003,379,384,101,122.232
2003,379,385,48,226.524
2003,379,386,57,84.142
2003,379,387,97,63.724
2003,379,388,43,215.509
2003,379,389,24,99.179
2003,379,390,28,60.172
2003,379,391,23,180.199
2003,379,392,30,189.771
2003,379,393,16,212.195
2003,379,394,62,107.426
2003,379,396,50,122.776
2003,379,1842,16,141.026
2003,379,2103,2,109.108
2003,380,379,109,218.697
2003,380,381,3,98.981
2003,380,382,0,202.51
2003,380,383,5,340.109
2003,380,384,0,339.739
2003,380,385,2,48.736
2003,380,386,0,178.733
2003,380,387,0,281.741
2003,380,388,0,433.525
2003,380,389,0,124.786
2003,380,390,0,278.189
2003,380,391,0,356.641
2003,380,392,0,118.216
2003,380,393,0,430.212
2003,380,394,0,325.443
2003,380,396,0,116.095
2003,380,1842,1,286.619
2003,380,2103,0,175.746
2003,381,379,94,172.569
2003,381,380,3,99.045
2003,381,382,0,244.305
2003,381,383,0,336.081
2003,381,384,0,293.318
2003,381,385,1,78.693
2003,381,386,0,173.318
2003,381,387,0,235.613
2003,381,388,0,387.397
2003,381,389,0,132.251
2003,381,390,1,232.061
2003,381,391,0,351.498
2003,381,392,0,189.324
2003,381,393,0,384.084
2003,381,394,0,279.315
2003,381,396,3,53.074
2003,381,1842,0,282.591
2003,381,2103,0,100.763
2003,382,379,130,167.813
2003,382,380,0,202.556
2003,382,381,0,244.261
2003,382,383,3,168.887
2003,382,384,1,264.1
2003,382,385,0,251.293
2003,382,386,2,84.98
2003,382,387,0,180.1
2003,382,388,1,330.089
2003,382,389,2,116.686
2003,382,390,0,221.949
2003,382,391,1,208.954
2003,382,392,0,92.961
2003,382,393,0,314.4
2003,382,394,1,219.262
2003,382,396,0,210.0
2003,382,1842,0,135.308
2003,382,2103,0,239.438
2003,383,379,155,194.805
2003,383,380,5,340.546
2003,383,381,0,335.903
2003,383,382,3,168.819
2003,383,384,1,213.247
2003,383,385,1,383.341
2003,383,386,2,163.867
2003,383,387,1,148.385
2003,383,388,1,214.034
2003,383,389,2,217.798
2003,383,390,0,198.74
2003,383,391,1,61.834
2003,383,392,1,260.981
2003,383,393,1,171.658
2003,383,394,2,136.046
2003,383,396,0,297.529
2003,383,1842,1,58.558
2003,383,2103,0,298.349
2003,384,379,101,122.013
2003,384,380,0,340.186
2003,384,381,0,292.811
2003,384,382,1,264.285
2003,384,383,1,213.001
2003,384,385,1,348.04
2003,384,386,0,202.861
2003,384,387,1,84.513
2003,384,388,2,99.161
2003,384,389,0,219.233
2003,384,390,0,64.038
2003,384,391,1,173.097
2003,384,392,0,309.825
2003,384,393,0,132.435
2003,384,394,1,77.845
2003,384,396,0,244.293
2003,384,1842,0,184.801
2003,384,2103,0,206.634
2003,385,379,48,226.355
2003,385,380,2,48.744
2003,385,381,1,78.979
2003,385,382,0,251.188
2003,385,383,1,382.996
2003,385,384,1,347.396
2003,385,386,0,221.619
2003,385,387,1,289.398
2003,385,388,0,441.182
2003,385,389,0,167.672
2003,385,390,0,285.846
2003,385,391,0,399.528
2003,385,392,0,166.894
2003,385,393,0,437.869
2003,385,394,0,333.1
2003,385,396,3,120.946
2003,385,1842,0,329.505
2003,385,2103,0,178.926
2003,386,379,57,83.599
2003,386,380,0,179.291
2003,386,381,0,172.907
2003,386,382,2,84.877
2003,386,383,2,163.069
2003,386,384,0,202.706
2003,386,385,0,222.086
2003,386,387,2,122.032
2003,386,388,0,272.716
2003,386,389,0,56.543
2003,386,390,0,140.197
2003,386,391,1,178.485
2003,386,392,0,120.059
2003,386,393,0,257.026
2003,386,394,1,161.889
2003,386,396,1,134.533
2003,386,1842,0,109.578
2003,386,2103,0,157.627
2003,387,379,97,63.921
2003,387,380,0,281.931
2003,387,381,0,236.007
2003,387,382,0,180.473
2003,387,383,1,148.53
2003,387,384,1,84.797
2003,387,385,1,289.949
2003,387,386,2,122.096
2003,387,388,1,153.36
2003,387,389,0,157.185
2003,387,390,0,50.355
2003,387,391,0,119.52
2003,387,392,0,240.899
2003,387,393,0,148.802
2003,387,394,1,44.033
2003,387,396,0,186.201
2003,387,1842,0,100.288
2003,387,2103,0,172.349
2003,388,379,43,214.942
2003,388,380,0,433.115
2003,388,381,0,387.028
2003,388,382,1,330.402
2003,388,383,1,214.417
2003,388,384,2,99.027
2003,388,385,0,440.97
2003,388,386,0,273.445
2003,388,387,1,154.08
2003,388,389,0,311.019
2003,388,390,0,158.395
2003,388,391,0,152.582
2003,388,392,0,391.933
2003,388,393,0,53.812
2003,388,394,0,111.341
2003,388,396,0,337.222
2003,388,1842,0,223.916
2003,388,2103,0,305.404
2003,389,379,24,98.983
2003,389,380,0,125.642
2003,389,381,0,132.238
2003,389,382,2,116.875
2003,389,383,2,217.24
2003,389,384,0,218.768
2003,389,385,0,168.437
2003,389,386,0,55.863
2003,389,387,0,157.245
2003,389,388,0,310.274
2003,389,390,0,156.799
2003,389,391,0,233.772
2003,389,392,0,100.218
2003,389,393,0,305.716
2003,389,394,0,200.947
2003,389,396,0,94.364
2003,389,1842,0,163.749
2003,389,2103,0,131.77
2003,390,379,28,60.045
2003,390,380,0,278.218
2003,390,381,1,232.131
2003,390,382,0,221.995
2003,390,383,0,198.887
2003,390,384,0,63.473
2003,390,385,0,286.072
2003,390,386,0,140.41
2003,390,387,0,50.357
2003,390,388,0,158.611
2003,390,389,0,157.265
2003,390,391,0,169.877
2003,390,392,0,247.857
2003,390,393,0,171.909
2003,390,394,1,79.184
2003,390,396,0,182.325
2003,390,1842,0,150.645
2003,390,2103,0,162.389
2003,391,379,23,179.654
2003,391,380,0,356.98
2003,391,381,0,351.296
2003,391,382,1,208.863
2003,391,383,1,62.004
2003,391,384,1,173.184
2003,391,385,0,399.775
2003,391,386,1,179.26
2003,391,387,0,119.505
2003,391,388,0,152.331
2003,391,389,0,234.232
2003,391,390,0,169.86
2003,391,392,0,294.809
2003,391,393,0,111.401
2003,391,394,0,95.983
2003,391,396,0,301.934
2003,391,1842,0,84.018
2003,391,2103,0,288.081
2003,392,379,30,189.829
2003,392,380,0,117.965
2003,392,381,0,188.742
2003,392,382,0,92.785
2003,392,383,1,260.88
2003,392,384,0,309.614
2003,392,385,0,166.701
2003,392,386,0,119.652
2003,392,387,0,240.864
2003,392,388,0,391.791
2003,392,389,0,99.742
2003,392,390,0,247.645
2003,392,391,0,294.416
2003,392,393,0,376.101
2003,392,394,0,280.964
2003,392,396,0,170.962
2003,392,1842,0,215.499
2003,392,2103,0,224.463
2003,393,379,16,213.025
2003,393,380,0,431.034
2003,393,381,0,385.111
2003,393,382,0,314.685
2003,393,383,1,171.673
2003,393,384,0,132.181
2003,393,385,0,439.052
2003,393,386,0,257.835
2003,393,387,0,149.349
2003,393,388,0,53.966
2003,393,389,0,306.288
2003,393,390,0,171.927
2003,393,391,0,111.58
2003,393,392,0,376.323
2003,393,394,0,106.465
2003,393,396,0,335.304
2003,393,1842,0,192.017
2003,393,2103,0,321.452
2003,394,379,62,107.978
2003,394,380,0,325.988
2003,394,381,0,280.064
2003,394,382,1,219.486
2003,394,383,2,136.12
2003,394,384,1,77.851
2003,394,385,0,334.006
2003,394,386,1,162.529
2003,394,387,1,44.302
2003,394,388,0,111.068
2003,394,389,0,201.241
2003,394,390,1,79.491
2003,394,391,0,96.217
2003,394,392,0,281.017
2003,394,393,0,106.312
2003,394,396,0,230.258
2003,394,1842,0,118.321
2003,394,2103,0,216.406
2003,396,379,50,122.857
2003,396,380,0,116.119
2003,396,381,3,53.391
2003,396,382,0,210.211
2003,396,383,0,297.623
2003,396,384,0,243.899
2003,396,385,3,120.794
2003,396,386,1,134.86
2003,396,387,0,185.9
2003,396,388,0,337.685
2003,396,389,0,94.527
2003,396,390,0,182.348
2003,396,391,0,302.375
2003,396,392,0,171.453
2003,396,393,0,334.371
2003,396,394,0,229.602
2003,396,1842,0,244.132
2003,396,2103,0,59.907
2003,1842,379,16,141.05
2003,1842,380,1,286.79
2003,1842,381,0,282.148
2003,1842,382,0,135.148
2003,1842,383,1,58.44
2003,1842,384,0,185.057
2003,1842,385,0,329.585
2003,1842,386,0,110.111
2003,1842,387,0,100.259
2003,1842,388,0,223.575
2003,1842,389,0,164.043
2003,1842,390,0,150.615
2003,1842,391,0,83.867
2003,1842,392,0,215.594
2003,1842,393,0,191.808
2003,1842,394,0,118.504
2003,1842,396,0,243.774
2003,1842,2103,0,244.593
2003,2103,379,2,108.681
2003,2103,380,0,175.706
2003,2103,381,0,99.977
2003,2103,382,0,239.129
2003,2103,383,0,296.935
2003,2103,384,0,206.802
2003,2103,385,0,178.671
2003,2103,386,0,157.045
2003,2103,387,0,171.724
2003,2103,388,0,305.503
2003,2103,389,0,131.756
2003,2103,390,0,162.431
2003,2103,391,0,288.199
2003,2103,392,0,224.436
2003,2103,393,0,320.195
2003,2103,394,0,215.426
2003,2103,396,0,59.807
2003,2103,1842,0,243.444
2004,379,380,225,218.669
2004,379,381,168,172.582
2004,379,382,270,168.367
2004,379,383,319,194.517
2004,379,384,212,122.232
2004,379,385,111,226.524
2004,379,386,138,84.142
2004,379,387,191,63.724
2004,379,388,99,215.509
2004,379,389,68,99.179
2004,379,390,82,60.172
2004,379,391,45,180.199
2004,379,392,44,189.771
2004,379,393,47,212.195
2004,379,394,149,107.426
2004,379,396,106,122.776
2004,379,1842,28,141.026
2004,379,2103,17,109.108
2004,380,379,225,218.697
2004,380,381,8,98.981
2004,380,382,3,202.51
2004,380,383,5,340.109
2004,380,384,1,339.739
2004,380,385,3,48.736
2004,380,386,0,178.733
2004,380,387,1,281.741
2004,380,388,0,433.525
2004,380,389,0,124.786
2004,380,390,0,278.189
2004,380,391,0,356.641
2004,380,392,0,118.216
2004,380,393,1,430.212
2004,380,394,1,325.443
2004,380,396,3,116.095
2004,380,1842,1,286.619
2004,380,2103,0,175.746
2004,381,379,168,172.569
2004,381,380,8,99.045
2004,381,382,0,244.305
2004,381,383,1,336.081
2004,381,384,0,293.318
2004,381,385,1,78.693
2004,381,386,1,173.318
2004,381,387,1,235.613
2004,381,388,0,387.397
2004,381,389,0,132.251
2004,381,390,2,232.061
2004,381,391,0,351.498
2004,381,392,0,189.324
2004,381,393,1,384.084
2004,381,394,1,279.315
2004,381,396,4,53.074
2004,381,1842,0,282.591
2004,381,2103,0,100.763
2004,382,379,270,167.813
2004,382,380,3,202.556
2004,382,381,0,244.261
2004,382,383,4,168.887
2004,382,384,3,264.1
2004,382,385,0,251.293
2004,382,386,5,84.98
2004,382,387,1,180.1
2004,382,388,2,330.089
2004,382,389,3,116.686
2004,382,390,0,221.949
2004,382,391,2,208.954
2004,382,392,1,92.961
2004,382,393,1,314.4
2004,382,394,3,219.262
2004,382,396,0,210.0
2004,382,1842,0,135.308
2004,382,2103,0,239.438
2004,383,379,319,194.805
2004,383,380,5,340.546
2004,383,381,1,335.903
2004,383,382,4,168.819
2004,383,384,4,213.247
2004,383,385,1,383.341
2004,383,386,5,163.867
2004,383,387,4,148.385
2004,383,388,3,214.034
2004,383,389,3,217.798
2004,383,390,0,198.74
2004,383,391,10,61.834
2004,383,392,2,260.981
2004,383,393,3,171.658
2004,383,394,7,136.046
2004,383,396,0,297.529
2004,383,1842,2,58.558
2004,383,2103,3,298.349
2004,384,379,212,122.013
2004,384,380,1,340.186
2004,384,381,0,292.811
2004,384,382,3,264.285
2004,384,383,4,213.001
2004,384,385,1,348.04
2004,384,386,1,202.861
2004,384,387,2,84.513
2004,384,388,3,99.161
2004,384,389,2,219.233
2004,384,390,3,64.038
2004,384,391,3,173.097
2004,384,392,0,309.825
2004,384,393,0,132.435
2004,384,394,7,77.845
2004,384,396,2,244.293
2004,384,1842,0,184.801
2004,384,2103,1,206.634
2004,385,379,111,226.355
2004,385,380,3,48.744
2004,385,381,1,78.979
2004,385,382,0,251.188
2004,385,383,1,382.996
2004,385,384,1,347.396
2004,385,386,1,221.619
2004,385,387,1,289.398
2004,385,388,1,441.182
2004,385,389,1,167.672
2004,385,390,0,285.846
2004,385,391,0,399.528
2004,385,392,0,166.894
2004,385,393,0,437.869
2004,385,394,1,333.1
2004,385,396,4,120.946
2004,385,1842,0,329.505
2004,385,2103,0,178.926
2004,386,379,138,83.599
2004,386,380,0,179.291
2004,386,381,1,172.907
2004,386,382,5,84.877
2004,386,383,5,163.069
2004,386,384,1,202.706
2004,386,385,1,222.086
2004,386,387,2,122.032
2004,386,388,0,272.716
2004,386,389,0,56.543
2004,386,390,1,140.197
2004,386,391,1,178.485
2004,386,392,1,120.059
2004,386,393,1,257.026
2004,386,394,4,161.889
2004,386,396,1,134.533
2004,386,1842,0,109.578
2004,386,2103,1,157.627
2004,387,379,191,63.921
2004,387,380,1,281.931
2004,387,381,1,236.007
2004,387,382,1,180.473
2004,387,383,4,148.53
2004,387,384,2,84.797
2004,387,385,1,289.949
2004,387,386,2,122.096
2004,387,388,3,153.36
2004,387,389,1,157.185
2004,387,390,0,50.355
2004,387,391,0,119.52
2004,387,392,0,240.899
2004,387,393,0,148.802
2004,387,394,6,44.033
2004,387,396,2,186.201
2004,387,1842,0,100.288
2004,387,2103,0,172.349
2004,388,379,99,214.942
2004,388,380,0,433.115
2004,388,381,0,387.028
2004,388,382,2,330.402
2004,388,383,3,214.417
2004,388,384,3,99.027
2004,388,385,1,440.97
2004,388,386,0,273.445
2004,388,387,3,154.08
2004,388,389,0,311.019
2004,388,390,0,158.395
2004,388,391,1,152.582
2004,388,392,0,391.933
2004,388,393,0,53.812
2004,388,394,1,111.341
2004,388,396,0,337.222
2004,388,1842,0,223.916
2004,388,2103,0,305.404
2004,389,379,68,98.983
2004,389,380,0,125.642
2004,389,381,0,132.238
2004,389,382,3,116.875
2004,389,383,3,217.24
2004,389,384,2,218.768
2004,389,385,1,168.437
2004,389,386,0,55.863
2004,389,387,1,157.245
2004,389,388,0,310.274
2004,389,390,0,156.799
2004,389,391,0,233.772
2004,389,392,0,100.218
2004,389,393,0,305.716
2004,389,394,0,200.947
2004,389,396,0,94.364
2004,389,1842,0,163.749
2004,389,2103,0,131.77
2004,390,379,82,60.045
2004,390,380,0,278.218
2004,390,381,2,232.131
2004,390,382,0,221.995
2004,390,383,0,198.887
2004,390,384,3,63.473
2004,390,385,0,286.072
2004,390,386,1,140.41
2004,390,387,0,50.357
2004,390,388,0,158.611
2004,390,389,0,157.265
2004,390,391,0,169.877
2004,390,392,0,247.857
2004,390,393,1,171.909
2004,390,394,1,79.184
2004,390,396,0,182.325
2004,390,1842,0,150.645
2004,390,2103,2,162.389
2004,391,379,45,179.654
2004,391,380,0,356.98
2004,391,381,0,351.296
2004,391,382,2,208.863
2004,391,383,10,62.004
2004,391,384,3,173.184
2004,391,385,0,399.775
2004,391,386,1,179.26
2004,391,387,0,119.505
2004,391,388,1,152.331
2004,391,389,0,234.232
2004,391,390,0,169.86
2004,391,392,0,294.809
2004,391,393,1,111.401
2004,391,394,3,95.983
2004,391,396,0,301.934
2004,391,1842,0,84.018
2004,391,2103,0,288.081
2004,392,379,44,189.829
2004,392,380,0,117.965
2004,392,381,0,188.742
2004,392,382,1,92.785
2004,392,383,2,260.88
2004,392,384,0,309.614
2004,392,385,0,166.701
2004,392,386,1,119.652
2004,392,387,0,240.864
2004,392,388,0,391.791
2004,392,389,0,99.742
2004,392,390,0,247.645
2004,392,391,0,294.416
2004,392,393,0,376.101
2004,392,394,0,280.964
2004,392,396,0,170.962
2004,392,1842,0,215.499
2004,392,2103,0,224.463
2004,393,379,47,213.025
2004,393,380,1,431.034
2004,393,381,1,385.111
2004,393,382,1,314.685
2004,393,383,3,171.673
2004,393,384,0,132.181
2004,393,385,0,439.052
2004,393,386,1,257.835
2004,393,387,0,149.349
2004,393,388,0,53.966
2004,393,389,0,306.288
2004,393,390,1,171.927
2004,393,391,1,111.58
2004,393,392,0,376.323
2004,393,394,2,106.465
2004,393,396,0,335.304
2004,393,1842,0,192.017
2004,393,2103,0,321.452
2004,394,379,149,107.978
2004,394,380,1,325.988
2004,394,381,1,280.064
2004,394,382,3,219.486
2004,394,383,7,136.12
2004,394,384,7,77.851
2004,394,385,1,334.006
2004,394,386,4,162.529
2004,394,387,6,44.302
2004,394,388,1,111.068
2004,394,389,0,201.241
2004,394,390,1,79.491
2004,394,391,3,96.217
2004,394,392,0,281.017
2004,394,393,2,106.312
2004,394,396,0,230.258
2004,394,1842,0,118.321
2004,394,2103,0,216.406
2004,396,379,106,122.857
2004,396,380,3,116.119
2004,396,381,4,53.391
2004,396,382,0,210.211
2004,396,383,0,297.623
2004,396,384,2,243.899
2004,396,385,4,120.794
2004,396,386,1,134.86
2004,396,387,2,185.9
2004,396,388,0,337.685
2004,396,389,0,94.527
2004,396,390,0,182.348
2004,396,391,0,302.375
2004,396,392,0,171.453
2004,396,393,0,334.371
2004,396,394,0,229.602
2004,396,1842,0,244.132
2004,396,2103,0,59.907
2004,1842,379,28,141.05
2004,1842,380,1,286.79
2004,1842,381,0,282.148
2004,1842,382,0,135.148
2004,1842,383,2,58.44
2004,1842,384,0,185.057
2004,1842,385,0,329.585
2004,1842,386,0,110.111
2004,1842,387,0,100.259
2004,1842,388,0,223.575
2004,1842,389,0,164.043
2004,1842,390,0,150.615
2004,1842,391,0,83.867
2004,1842,392,0,215.594
2004,1842,393,0,191.808
2004,1842,394,0,118.504
2004,1842,396,0,243.774
2004,1842,2103,0,244.593
2004,2103,379,17,108.681
2004,2103,380,0,175.706
2004,2103,381,0,99.977
2004,2103,382,0,239.129
2004,2103,383,3,296.935
2004,2103,384,1,206.802
2004,2103,385,0,178.671
2004,2103,386,1,157.045
2004,2103,387,0,171.724
2004,2103,388,0,305.503
2004,2103,389,0,131.756
2004,2103,390,2,162.431
2004,2103,391,0,288.199
2004,2103,392,0,224.436
2004,2103,393,0,320.195
2004,2103,394,0,215.426
2004,2103,396,0,59.807
2004,2103,1842,0,243.444
2005,379,380,954,218.669
2005,379,381,790,172.582
2005,379,382,1222,168.367
2005,379,383,1220,194.517
2005,379,384,984,122.232
2005,379,385,438,226.524
2005,379,386,557,84.142
2005,379,387,886,63.724
2005,379,388,501,215.509
2005,379,389,344,99.179
2005,379,390,350,60.172
2005,379,391,275,180.199
2005,379,392,226,189.771
2005,379,393,327,212.195
2005,379,394,617,107.426
2005,379,396,495,122.776
2005,379,1842,182,141.026
2005,379,2103,139,109.108
2005,380,379,954,218.697
2005,380,381,64,98.981
2005,380,382,29,202.51
2005,380,383,16,340.109
2005,380,384,14,339.739
2005,380,385,62,48.736
2005,380,386,10,178.733
2005,380,387,10,281.741
2005,380,388,4,433.525
2005,380,389,11,124.786
2005,380,390,4,278.189
2005,380,391,5,356.641
2005,380,392,2,118.216
2005,380,393,6,430.212
2005,380,394,4,325.443
2005,380,396,26,116.095
2005,380,1842,3,286.619
2005,380,2103,4,175.746
2005,381,379,790,172.569
2005,381,380,64,99.045
2005,381,382,16,244.305
2005,381,383,11,336.081
2005,381,384,13,293.318
2005,381,385,16,78.693
2005,381,386,4,173.318
2005,381,387,8,235.613
2005,381,388,3,387.397
2005,381,389,7,132.251
2005,381,390,5,232.061
2005,381,391,2,351.498
2005,381,392,4,189.324
2005,381,393,3,384.084
2005,381,394,8,279.315
2005,381,396,29,53.074
2005,381,1842,2,282.591
2005,381,2103,1,100.763
2005,382,379,1222,167.813
2005,382,380,29,202.556
2005,382,381,16,244.261
2005,382,383,49,168.887
2005,382,384,26,264.1
2005,382,385,6,251.293
2005,382,386,47,84.98
2005,382,387,19,180.1
2005,382,388,10,330.089
2005,382,389,24,116.686
2005,382,390,6,221.949
2005,382,391,9,208.954
2005,382,392,32,92.961
2005,382,393,15,314.4
2005,382,394,20,219.262
2005,382,396,13,210.0
2005,382,1842,5,135.308
2005,382,2103,4,239.438
2005,383,379,1220,194.805
2005,383,380,16,340.546
2005,383,381,11,335.903
2005,383,382,49,168.819
2005,383,384,39,213.247
2005,383,385,4,383.341
2005,383,386,12,163.867
2005,383,387,43,148.385
2005,383,388,34,214.034
2005,383,389,6,217.798
2005,383,390,9,198.74
2005,383,391,62,61.834
2005,383,392,7,260.981
2005,383,393,42,171.658
2005,383,394,27,136.046
2005,383,396,8,297.529
2005,383,1842,30,58.558
2005,383,2103,4,298.349
2005,384,379,984,122.013
2005,384,380,14,340.186
2005,384,381,13,292.811
2005,384,382,26,264.285
2005,384,383,39,213.001
2005,384,385,4,348.04
2005,384,386,9,202.861
2005,384,387,25,84.513
2005,384,388,44,99.161
2005,384,389,10,219.233
2005,384,390,22,64.038
2005,384,391,11,173.097
2005,384,392,2,309.825
2005,384,393,12,132.435
2005,384,394,54,77.845
2005,384,396,7,244.293
2005,384,1842,1,184.801
2005,384,2103,4,206.634
2005,385,379,438,226.355
2005,385,380,62,48.744
2005,385,381,16,78.979
2005,385,382,6,251.188
2005,385,383,4,382.996
2005,385,384,4,347.396
2005,385,386,6,221.619
2005,385,387,3,289.398
2005,385,388,2,441.182
2005,385,389,7,167.672
2005,385,390,2,285.846
2005,385,391,1,399.528
2005,385,392,2,166.894
2005,385,393,0,437.869
2005,385,394,3,333.1
2005,385,396,6,120.946
2005,385,1842,1,329.505
2005,385,2103,0,178.926
2005,386,379,557,83.599
2005,386,380,10,179.291
2005,386,381,4,172.907
2005,386,382,47,84.877
2005,386,383,12,163.069
2005,386,384,9,202.706
2005,386,385,6,222.086
2005,386,387,12,122.032
2005,386,388,7,272.716
2005,386,389,4,56.543
2005,386,390,2,140.197
2005,386,391,6,178.485
2005,386,392,7,120.059
2005,386,393,6,257.026
2005,386,394,11,161.889
2005,386,396,6,134.533
2005,386,1842,2,109.578
2005,386,2103,3,157.627
2005,387,379,886,63.921
2005,387,380,10,281.931
2005,387,381,8,236.007
2005,387,382,19,180.473
2005,387,383,43,148.53
2005,387,384,25,84.797
2005,387,385,3,289.949
2005,387,386,12,122.096
2005,387,388,13,153.36
2005,387,389,7,157.185
2005,387,390,9,50.355
2005,387,391,11,119.52
2005,387,392,6,240.899
2005,387,393,7,148.802
2005,387,394,36,44.033
2005,387,396,9,186.201
2005,387,1842,6,100.288
2005,387,2103,2,172.349
2005,388,379,501,214.942
2005,388,380,4,433.115
2005,388,381,3,387.028
2005,388,382,10,330.402
2005,388,383,34,214.417
2005,388,384,44,99.027
2005,388,385,2,440.97
2005,388,386,7,273.445
2005,388,387,13,154.08
2005,388,389,2,311.019
2005,388,390,5,158.395
2005,388,391,4,152.582
2005,388,392,1,391.933
2005,388,393,14,53.812
2005,388,394,20,111.341
2005,388,396,1,337.222
2005,388,1842,2,223.916
2005,388,2103,0,305.404
2005,389,379,344,98.983
2005,389,380,11,125.642
2005,389,381,7,132.238
2005,389,382,24,116.875
2005,389,383,6,217.24
2005,389,384,10,218.768
2005,389,385,7,168.437
2005,389,386,4,55.863
2005,389,387,7,157.245
2005,389,388,2,310.274
2005,389,390,1,156.799
2005,389,391,3,233.772
2005,389,392,0,100.218
2005,389,393,2,305.716
2005,389,394,2,200.947
2005,389,396,2,94.364
2005,389,1842,0,163.749
2005,389,2103,0,131.77
2005,390,379,350,60.045
2005,390,380,4,278.218
2005,390,381,5,232.131
2005,390,382,6,221.995
2005,390,383,9,198.887
2005,390,384,22,63.473
2005,390,385,2,286.072
2005,390,386,2,140.41
2005,390,387,9,50.357
2005,390,388,5,158.611
2005,390,389,1,157.265
2005,390,391,1,169.877
2005,390,392,0,247.857
2005,390,393,4,171.909
2005,390,394,8,79.184
2005,390,396,1,182.325
2005,390,1842,1,150.645
2005,390,2103,3,162.389
2005,391,379,275,179.654
2005,391,380,5,356.98
2005,391,381,2,351.296
2005,391,382,9,208.863
2005,391,383,62,62.004
2005,391,384,11,173.184
2005,391,385,1,399.775
2005,391,386,6,179.26
2005,391,387,11,119.505
2005,391,388,4,152.331
2005,391,389,3,234.232
2005,391,390,1,169.86
2005,391,392,0,294.809
2005,391,393,12,111.401
2005,391,394,11,95.983
2005,391,396,0,301.934
2005,391,1842,4,84.018
2005,391,2103,1,288.081
2005,392,379,226,189.829
2005,392,380,2,117.965
2005,392,381,4,188.742
2005,392,382,32,92.785
2005,392,383,7,260.88
2005,392,384,2,309.614
2005,392,385,2,166.701
2005,392,386,7,119.652
2005,392,387,6,240.864
2005,392,388,1,391.791
2005,392,389,0,99.742
2005,392,390,0,247.645
2005,392,391,0,294.416
2005,392,393,0,376.101
2005,392,394,0,280.964
2005,392,396,0,170.962
2005,392,1842,1,215.499
2005,392,2103,0,224.463
2005,393,379,327,213.025
2005,393,380,6,431.034
2005,393,381,3,385.111
2005,393,382,15,314.685
2005,393,383,42,171.673
2005,393,384,12,132.181
2005,393,385,0,439.052
2005,393,386,6,257.835
2005,393,387,7,149.349
2005,393,388,14,53.966
2005,393,389,2,306.288
2005,393,390,4,171.927
2005,393,391,12,111.58
2005,393,392,0,376.323
2005,393,394,14,106.465
2005,393,396,3,335.304
2005,393,1842,3,192.017
2005,393,2103,0,321.452
2005,394,379,617,107.978
2005,394,380,4,325.988
2005,394,381,8,280.064
2005,394,382,20,219.486
2005,394,383,27,136.12
2005,394,384,54,77.851
2005,394,385,3,334.006
2005,394,386,11,162.529
2005,394,387,36,44.302
2005,394,388,20,111.068
2005,394,389,2,201.241
2005,394,390,8,79.491
2005,394,391,11,96.217
2005,394,392,0,281.017
2005,394,393,14,106.312
2005,394,396,4,230.258
2005,394,1842,3,118.321
2005,394,2103,1,216.406
2005,396,379,495,122.857
2005,396,380,26,116.119
2005,396,381,29,53.391
2005,396,382,13,210.211
2005,396,383,8,297.623
2005,396,384,7,243.899
2005,396,385,6,120.794
2005,396,386,6,134.86
2005,396,387,9,185.9
2005,396,388,1,337.685
2005,396,389,2,94.527
2005,396,390,1,182.348
2005,396,391,0,302.375
2005,396,392,0,171.453
2005,396,393,3,334.371
2005,396,394,4,229.602
2005,396,1842,0,244.132
2005,396,2103,6,59.907
2005,1842,379,182,141.05
2005,1842,380,3,286.79
2005,1842,381,2,282.148
2005,1842,382,5,135.148
2005,1842,383,30,58.44
2005,1842,384,1,185.057
2005,1842,385,1,329.585
2005,1842,386,2,110.111
2005,1842,387,6,100.259
2005,1842,388,2,223.575
2005,1842,389,0,164.043
2005,1842,390,1,150.615
2005,1842,391,4,83.867
2005,1842,392,1,215.594
2005,1842,393,3,191.808
2005,1842,394,3,118.504
2005,1842,396,0,243.774
2005,1842,2103,0,244.593
2005,2103,379,139,108.681
2005,2103,380,4,175.706
2005,2103,381,1,99.977
2005,2103,382,4,239.129
2005,2103,383,4,296.935
2005,2103,384,4,206.802
2005,2103,385,0,178.671
2005,2103,386,3,157.045
2005,2103,387,2,171.724
2005,2103,388,0,305.503
2005,2103,389,0,131.756
2005,2103,390,3,162.431
2005,2103,391,1,288.199
2005,2103,392,0,224.436
2005,2103,393,0,320.195
2005,2103,394,1,215.426
2005,2103,396,6,59.807
2005,2103,1842,0,243.444
2006,379,380,4924,218.669
2006,379,381,3691,172.582
2006,379,382,5187,168.367
2006,379,383,4213,194.517
2006,379,384,3648,122.232
2006,379,385,2653,226.524
2006,379,386,2459,84.142
2006,379,387,3091,63.724
2006,379,388,1719,215.509
2006,379,389,1666,99.179
2006,379,390,1376,60.172
2006,379,391,1305,180.199
2006,379,392,1140,189.771
2006,379,393,1505,212.195
2006,379,394,2051,107.426
2006,379,396,2039,122.776
2006,379,1842,774,141.026
2006,379,2103,757,109.108
2006,380,379,4924,218.697
2006,380,381,503,98.981
2006,380,382,269,202.51
2006,380,383,130,340.109
2006,380,384,118,339.739
2006,380,385,900,48.736
2006,380,386,99,178.733
2006,380,387,93,281.741
2006,380,388,38,433.525
2006,380,389,185,124.786
2006,380,390,40,278.189
2006,380,391,28,356.641
2006,380,392,65,118.216
2006,380,393,30,430.212
2006,380,394,57,325.443
2006,380,396,223,116.095
2006,380,1842,18,286.619
2006,380,2103,48,175.746
2006,381,379,3691,172.569
2006,381,380,503,99.045
2006,381,382,152,244.305
2006,381,383,83,336.081
2006,381,384,103,293.318
2006,381,385,271,78.693
2006,381,386,42,173.318
2006,381,387,85,235.613
2006,381,388,32,387.397
2006,381,389,48,132.251
2006,381,390,41,232.061
2006,381,391,26,351.498
2006,381,392,27,189.324
2006,381,393,16,384.084
2006,381,394,46,279.315
2006,381,396,198,53.074
2006,381,1842,11,282.591
2006,381,2103,22,100.763
2006,382,379,5187,167.813
2006,382,380,269,202.556
2006,382,381,152,244.261
2006,382,383,265,168.887
2006,382,384,173,264.1
2006,382,385,122,251.293
2006,382,386,494,84.98
2006,382,387,160,180.1
2006,382,388,91,330.089
2006,382,389,221,116.686
2006,382,390,54,221.949
2006,382,391,76,208.954
2006,382,392,353,92.961
2006,382,393,68,314.4
2006,382,394,110,219.262
2006,382,396,105,210.0
2006,382,1842,64,135.308
2006,382,2103,30,239.438
2006,383,379,4213,194.805
2006,383,380,130,340.546
2006,383,381,83,335.903
2006,383,382,265,168.819
2006,383,384,221,213.247
2006,383,385,46,383.341
2006,383,386,109,163.867
2006,383,387,258,148.385
2006,383,388,179,214.034
2006,383,389,52,217.798
2006,383,390,61,198.74
2006,383,391,408,61.834
2006,383,392,42,260.981
2006,383,393,237,171.658
2006,383,394,153,136.046
2006,383,396,41,297.529
2006,383,1842,274,58.558
2006,383,2103,16,298.349
2006,384,379,3648,122.013
2006,384,380,118,340.186
2006,384,381,103,292.811
2006,384,382,173,264.285
2006,384,383,221,213.001
2006,384,385,61,348.04
2006,384,386,69,202.861
2006,384,387,210,84.513
2006,384,388,280,99.161
2006,384,389,63,219.233
2006,384,390,185,64.038
2006,384,391,78,173.097
2006,384,392,38,309.825
2006,384,393,121,132.435
2006,384,394,242,77.845
2006,384,396,54,244.293
2006,384,1842,20,184.801
2006,384,2103,27,206.634
2006,385,379,2653,226.355
2006,385,380,900,48.744
2006,385,381,271,78.979
2006,385,382,122,251.188
2006,385,383,46,382.996
2006,385,384,61,347.396
2006,385,386,40,221.619
2006,385,387,46,289.398
2006,385,388,16,441.182
2006,385,389,61,167.672
2006,385,390,28,285.846
2006,385,391,20,399.528
2006,385,392,23,166.894
2006,385,393,14,437.869
2006,385,394,24,333.1
2006,385,396,42,120.946
2006,385,1842,10,329.505
2006,385,2103,8,178.926
2006,386,379,2459,83.599
2006,386,380,99,179.291
2006,386,381,42,172.907
2006,386,382,494,84.877
2006,386,383,109,163.069
2006,386,384,69,202.706
2006,386,385,40,222.086
2006,386,387,66,122.032
2006,386,388,22,272.716
2006,386,389,91,56.543
2006,386,390,20,140.197
2006,386,391,33,178.485
2006,386,392,44,120.059
2006,386,393,18,257.026
2006,386,394,44,161.889
2006,386,396,42,134.533
2006,386,1842,15,109.578
2006,386,2103,16,157.627
2006,387,379,3091,63.921
2006,387,380,93,281.931
2006,387,381,85,236.007
2006,387,382,160,180.473
2006,387,383,258,148.53
2006,387,384,210,84.797
2006,387,385,46,289.949
2006,387,386,66,122.096
2006,387,388,79,153.36
2006,387,389,45,157.185
2006,387,390,65,50.355
2006,387,391,86,119.52
2006,387,392,25,240.899
2006,387,393,60,148.802
2006,387,394,241,44.033
2006,387,396,40,186.201
2006,387,1842,37,100.288
2006,387,2103,14,172.349
2006,388,379,1719,214.942
2006,388,380,38,433.115
2006,388,381,32,387.028
2006,388,382,91,330.402
2006,388,383,179,214.417
2006,388,384,280,99.027
2006,388,385,16,440.97
2006,388,386,22,273.445
2006,388,387,79,154.08
2006,388,389,15,311.019
2006,388,390,22,158.395
2006,388,391,29,152.582
2006,388,392,10,391.933
2006,388,393,173,53.812
2006,388,394,103,111.341
2006,388,396,10,337.222
2006,388,1842,12,223.916
2006,388,2103,6,305.404
2006,389,379,1666,98.983
2006,389,380,185,125.642
2006,389,381,48,132.238
2006,389,382,221,116.875
2006,389,383,52,217.24
2006,389,384,63,218.768
2006,389,385,61,168.437
2006,389,386,91,55.863
2006,389,387,45,157.245
2006,389,388,15,310.274
2006,389,390,20,156.799
2006,389,391,22,233.772
2006,389,392,25,100.218
2006,389,393,15,305.716
2006,389,394,43,200.947
2006,389,396,37,94.364
2006,389,1842,13,163.749
2006,389,2103,3,131.77
2006,390,379,1376,60.045
2006,390,380,40,278.218
2006,390,381,41,232.131
2006,390,382,54,221.995
2006,390,383,61,198.887
2006,390,384,185,63.473
2006,390,385,28,286.072
2006,390,386,20,140.41
2006,390,387,65,50.357
2006,390,388,22,158.611
2006,390,389,20,157.265
2006,390,391,12,169.877
2006,390,392,6,247.857
2006,390,393,11,171.909
2006,390,394,43,79.184
2006,390,396,15,182.325
2006,390,1842,9,150.645
2006,390,2103,4,162.389
2006,391,379,1305,179.654
2006,391,380,28,356.98
2006,391,381,26,351.296
2006,391,382,76,208.863
2006,391,383,408,62.004
2006,391,384,78,173.184
2006,391,385,20,399.775
2006,391,386,33,179.26
2006,391,387,86,119.505
2006,391,388,29,152.331
2006,391,389,22,234.232
2006,391,390,12,169.86
2006,391,392,8,294.809
2006,391,393,49,111.401
2006,391,394,58,95.983
2006,391,396,7,301.934
2006,391,1842,20,84.018
2006,391,2103,6,288.081
2006,392,379,1140,189.829
2006,392,380,65,117.965
2006,392,381,27,188.742
2006,392,382,353,92.785
2006,392,383,42,260.88
2006,392,384,38,309.614
2006,392,385,23,166.701
2006,392,386,44,119.652
2006,392,387,25,240.864
2006,392,388,10,391.791
2006,392,389,25,99.742
2006,392,390,6,247.645
2006,392,391,8,294.416
2006,392,393,12,376.101
2006,392,394,12,280.964
2006,392,396,15,170.962
2006,392,1842,6,215.499
2006,392,2103,6,224.463
2006,393,379,1505,213.025
2006,393,380,30,431.034
2006,393,381,16,385.111
2006,393,382,68,314.685
2006,393,383,237,171.673
2006,393,384,121,132.181
2006,393,385,14,439.052
2006,393,386,18,257.835
2006,393,387,60,149.349
2006,393,388,173,53.966
2006,393,389,15,306.288
2006,393,390,11,171.927
2006,393,391,49,111.58
2006,393,392,12,376.323
2006,393,394,77,106.465
2006,393,396,13,335.304
2006,393,1842,8,192.017
2006,393,2103,4,321.452
2006,394,379,2051,107.978
2006,394,380,57,325.988
2006,394,381,46,280.064
2006,394,382,110,219.486
2006,394,383,153,136.12
2006,394,384,242,77.851
2006,394,385,24,334.006
2006,394,386,44,162.529
2006,394,387,241,44.302
2006,394,388,103,111.068
2006,394,389,43,201.241
2006,394,390,43,79.491
2006,394,391,58,96.217
2006,394,392,12,281.017
2006,394,393,77,106.312
2006,394,396,25,230.258
2006,394,1842,25,118.321
2006,394,2103,6,216.406
2006,396,379,2039,122.857
2006,396,380,223,116.119
2006,396,381,198,53.391
2006,396,382,105,210.211
2006,396,383,41,297.623
2006,396,384,54,243.899
2006,396,385,42,120.794
2006,396,386,42,134.86
2006,396,387,40,185.9
2006,396,388,10,337.685
2006,396,389,37,94.527
2006,396,390,15,182.348
2006,396,391,7,302.375
2006,396,392,15,171.453
2006,396,393,13,334.371
2006,396,394,25,229.602
2006,396,1842,7,244.132
2006,396,2103,43,59.907
2006,1842,379,774,141.05
2006,1842,380,18,286.79
2006,1842,381,11,282.148
2006,1842,382,64,135.148
2006,1842,383,274,58.44
2006,1842,384,20,185.057
2006,1842,385,10,329.585
2006,1842,386,15,110.111
2006,1842,387,37,100.259
2006,1842,388,12,223.575
2006,1842,389,13,164.043
2006,1842,390,9,150.615
2006,1842,391,20,83.867
2006,1842,392,6,215.594
2006,1842,393,8,191.808
2006,1842,394,25,118.504
2006,1842,396,7,243.774
2006,1842,2103,1,244.593
2006,2103,379,757,108.681
2006,2103,380,48,175.706
2006,2103,381,22,99.977
2006,2103,382,30,239.129
2006,2103,383,16,296.935
2006,2103,384,27,206.802
2006,2103,385,8,178.671
2006,2103,386,16,157.045
2006,2103,387,14,171.724
2006,2103,388,6,305.503
2006,2103,389,3,131.756
2006,2103,390,4,162.431
2006,2103,391,6,288.199
2006,2103,392,6,224.436
2006,2103,393,4,320.195
2006,2103,394,6,215.426
2006,2103,396,43,59.807
2006,2103,1842,1,243.444
2007,379,380,7265,218.669
2007,379,381,5991,172.582
2007,379,382,6875,168.367
2007,379,383,5572,194.517
2007,379,384,4852,122.232
2007,379,385,4098,226.524
2007,379,386,3722,84.142
2007,379,387,4546,63.724
2007,379,388,2505,215.509
2007,379,389,2789,99.179
2007,379,390,2240,60.172
2007,379,391,2133,180.199
2007,379,392,1981,189.771
2007,379,393,2117,212.195
2007,379,394,2921,107.426
2007,379,396,3145,122.776
2007,379,1842,1203,141.026
2007,379,2103,1324,109.108
2007,380,379,7265,218.697
2007,380,381,811,98.981
2007,380,382,387,202.51
2007,380,383,207,340.109
2007,380,384,217,339.739
2007,380,385,1458,48.736
2007,380,386,175,178.733
2007,380,387,164,281.741
2007,380,388,74,433.525
2007,380,389,316,124.786
2007,380,390,75,278.189
2007,380,391,54,356.641
2007,380,392,133,118.216
2007,380,393,63,430.212
2007,380,394,108,325.443
2007,380,396,350,116.095
2007,380,1842,31,286.619
2007,380,2103,86,175.746
2007,381,379,5991,172.569
2007,381,380,811,99.045
2007,381,382,234,244.305
2007,381,383,139,336.081
2007,381,384,219,293.318
2007,381,385,464,78.693
2007,381,386,88,173.318
2007,381,387,163,235.613
2007,381,388,74,387.397
2007,381,389,105,132.251
2007,381,390,77,232.061
2007,381,391,52,351.498
2007,381,392,61,189.324
2007,381,393,47,384.084
2007,381,394,79,279.315
2007,381,396,403,53.074
2007,381,1842,25,282.591
2007,381,2103,46,100.763
2007,382,379,6875,167.813
2007,382,380,387,202.556
2007,382,381,234,244.261
2007,382,383,378,168.887
2007,382,384,248,264.1
2007,382,385,179,251.293
2007,382,386,751,84.98
2007,382,387,245,180.1
2007,382,388,132,330.089
2007,382,389,347,116.686
2007,382,390,93,221.949
2007,382,391,112,207.886
2007,382,392,596,92.961
2007,382,393,92,314.4
2007,382,394,139,219.262
2007,382,396,155,210.0
2007,382,1842,93,128.43
2007,382,2103,52,239.438
2007,383,379,5572,194.805
2007,383,380,207,340.546
2007,383,381,139,335.903
2007,383,382,378,168.819
2007,383,384,312,213.247
2007,383,385,79,383.341
2007,383,386,172,163.867
2007,383,387,382,148.385
2007,383,388,245,214.034
2007,383,389,91,217.798
2007,383,390,87,198.74
2007,383,391,644,61.834
2007,383,392,63,260.981
2007,383,393,343,171.658
2007,383,394,213,136.046
2007,383,396,65,297.529
2007,383,1842,440,58.558
2007,383,2103,24,298.349
2007,384,379,4852,122.013
2007,384,380,217,340.186
2007,384,381,219,292.811
2007,384,382,248,264.285
2007,384,383,312,213.001
2007,384,385,100,348.04
2007,384,386,113,202.861
2007,384,387,325,84.513
2007,384,388,415,99.161
2007,384,389,91,219.233
2007,384,390,299,64.038
2007,384,391,127,173.097
2007,384,392,83,309.825
2007,384,393,192,132.435
2007,384,394,387,77.845
2007,384,396,88,244.293
2007,384,1842,38,184.801
2007,384,2103,40,206.634
2007,385,379,4098,226.355
2007,385,380,1458,48.744
2007,385,381,464,78.979
2007,385,382,179,251.188
2007,385,383,79,382.996
2007,385,384,100,347.396
2007,385,386,78,221.619
2007,385,387,84,289.398
2007,385,388,29,441.182
2007,385,389,111,167.672
2007,385,390,53,285.846
2007,385,391,37,399.528
2007,385,392,46,166.894
2007,385,393,25,437.869
2007,385,394,43,333.1
2007,385,396,87,120.946
2007,385,1842,14,329.505
2007,385,2103,22,178.926
2007,386,379,3722,83.599
2007,386,380,175,179.291
2007,386,381,88,172.907
2007,386,382,751,84.877
2007,386,383,172,163.069
2007,386,384,113,202.706
2007,386,385,78,222.086
2007,386,387,119,122.032
2007,386,388,45,272.716
2007,386,389,205,56.543
2007,386,390,37,140.197
2007,386,391,70,178.485
2007,386,392,95,120.059
2007,386,393,41,257.026
2007,386,394,78,161.889
2007,386,396,82,134.533
2007,386,1842,35,109.578
2007,386,2103,26,157.627
2007,387,379,4546,63.921
2007,387,380,164,281.931
2007,387,381,163,236.007
2007,387,382,245,180.473
2007,387,383,382,148.53
2007,387,384,325,84.797
2007,387,385,84,289.949
2007,387,386,119,122.096
2007,387,388,141,153.36
2007,387,389,96,157.185
2007,387,390,146,50.355
2007,387,391,138,119.52
2007,387,392,49,240.899
2007,387,393,88,148.802
2007,387,394,417,44.033
2007,387,396,77,186.201
2007,387,1842,65,100.288
2007,387,2103,39,172.349
2007,388,379,2505,214.942
2007,388,380,74,433.115
2007,388,381,74,387.028
2007,388,382,132,330.402
2007,388,383,245,214.417
2007,388,384,415,99.027
2007,388,385,29,440.97
2007,388,386,45,273.445
2007,388,387,141,154.08
2007,388,389,33,311.019
2007,388,390,56,158.395
2007,388,391,57,152.582
2007,388,392,22,391.933
2007,388,393,312,53.812
2007,388,394,168,111.341
2007,388,396,23,337.222
2007,388,1842,22,223.916
2007,388,2103,13,305.404
2007,389,379,2789,98.983
2007,389,380,316,125.642
2007,389,381,105,132.238
2007,389,382,347,116.875
2007,389,383,91,217.24
2007,389,384,91,218.768
2007,389,385,111,168.437
2007,389,386,205,55.863
2007,389,387,96,157.245
2007,389,388,33,310.274
2007,389,390,45,156.799
2007,389,391,46,233.772
2007,389,392,61,100.218
2007,389,393,24,305.716
2007,389,394,75,200.947
2007,389,396,90,94.364
2007,389,1842,27,163.749
2007,389,2103,21,131.77
2007,390,379,2240,60.045
2007,390,380,75,278.218
2007,390,381,77,232.131
2007,390,382,93,221.995
2007,390,383,87,198.887
2007,390,384,299,63.473
2007,390,385,53,286.072
2007,390,386,37,140.41
2007,390,387,146,50.357
2007,390,388,56,158.611
2007,390,389,45,157.265
2007,390,391,28,169.877
2007,390,392,21,247.857
2007,390,393,23,171.909
2007,390,394,71,79.184
2007,390,396,28,182.325
2007,390,1842,14,150.645
2007,390,2103,14,162.389
2007,391,379,2133,179.654
2007,391,380,54,356.98
2007,391,381,52,351.296
2007,391,382,112,207.786
2007,391,383,644,62.004
2007,391,384,127,173.184
2007,391,385,37,399.775
2007,391,386,70,179.26
2007,391,387,138,119.505
2007,391,388,57,152.331
2007,391,389,46,234.232
2007,391,390,28,169.86
2007,391,392,24,292.169
2007,391,393,91,111.401
2007,391,394,106,95.983
2007,391,396,16,301.934
2007,391,1842,50,84.018
2007,391,2103,9,288.081
2007,392,379,1981,189.829
2007,392,380,133,117.965
2007,392,381,61,188.742
2007,392,382,596,92.785
2007,392,383,63,260.88
2007,392,384,83,309.614
2007,392,385,46,166.701
2007,392,386,95,119.652
2007,392,387,49,240.864
2007,392,388,22,391.791
2007,392,389,61,99.742
2007,392,390,21,247.645
2007,392,391,24,292.637
2007,392,393,17,376.101
2007,392,394,32,280.964
2007,392,396,33,170.962
2007,392,1842,11,213.18
2007,392,2103,18,224.463
2007,393,379,2117,213.025
2007,393,380,63,431.034
2007,393,381,47,385.111
2007,393,382,92,314.685
2007,393,383,343,171.673
2007,393,384,192,132.181
2007,393,385,25,439.052
2007,393,386,41,257.835
2007,393,387,88,149.349
2007,393,388,312,53.966
2007,393,389,24,306.288
2007,393,390,23,171.927
2007,393,391,91,111.58
2007,393,392,17,376.323
2007,393,394,129,106.465
2007,393,396,20,335.304
2007,393,1842,19,192.017
2007,393,2103,13,321.452
2007,394,379,2921,107.978
2007,394,380,108,325.988
2007,394,381,79,280.064
2007,394,382,139,219.486
2007,394,383,213,136.12
2007,394,384,387,77.851
2007,394,385,43,334.006
2007,394,386,78,162.529
2007,394,387,417,44.302
2007,394,388,168,111.068
2007,394,389,75,201.241
2007,394,390,71,79.491
2007,394,391,106,96.217
2007,394,392,32,281.017
2007,394,393,129,106.312
2007,394,396,54,230.258
2007,394,1842,46,118.321
2007,394,2103,16,216.406
2007,396,379,3145,122.857
2007,396,380,350,116.119
2007,396,381,403,53.391
2007,396,382,155,210.211
2007,396,383,65,297.623
2007,396,384,88,243.899
2007,396,385,87,120.794
2007,396,386,82,134.86
2007,396,387,77,185.9
2007,396,388,23,337.685
2007,396,389,90,94.527
2007,396,390,28,182.348
2007,396,391,16,302.375
2007,396,392,33,171.453
2007,396,393,20,334.371
2007,396,394,54,229.602
2007,396,1842,15,244.132
2007,396,2103,102,59.907
2007,1842,379,1203,141.05
2007,1842,380,31,286.79
2007,1842,381,25,282.148
2007,1842,382,93,128.11
2007,1842,383,440,58.44
2007,1842,384,38,185.057
2007,1842,385,14,329.585
2007,1842,386,35,110.111
2007,1842,387,65,100.259
2007,1842,388,22,223.575
2007,1842,389,27,164.043
2007,1842,390,14,150.615
2007,1842,391,50,83.867
2007,1842,392,11,212.494
2007,1842,393,19,191.808
2007,1842,394,46,118.504
2007,1842,396,15,243.774
2007,1842,2103,3,244.593
2007,2103,379,1324,108.681
2007,2103,380,86,175.706
2007,2103,381,46,99.977
2007,2103,382,52,239.129
2007,2103,383,24,296.935
2007,2103,384,40,206.802
2007,2103,385,22,178.671
2007,2103,386,26,157.045
2007,2103,387,39,171.724
2007,2103,388,13,305.503
2007,2103,389,21,131.756
2007,2103,390,14,162.431
2007,2103,391,9,288.199
2007,2103,392,18,224.436
2007,2103,393,13,320.195
2007,2103,394,16,215.426
2007,2103,396,102,59.807
2007,2103,1842,3,243.444
2008,379,380,8140,218.669
2008,379,381,6831,172.582
2008,379,382,7519,168.367
2008,379,383,6187,194.517
2008,379,384,5402,122.232
2008,379,385,4743,226.524
2008,379,386,4228,84.142
2008,379,387,5060,63.724
2008,379,388,2834,215.509
2008,379,389,3217,99.179
2008,379,390,2573,60.172
2008,379,391,2447,180.199
2008,379,392,2258,189.771
2008,379,393,2394,212.195
2008,379,394,3203,107.426
2008,379,396,3524,122.776
2008,379,1842,1353,141.026
2008,379,2103,1535,109.108
2008,380,379,8140,218.697
2008,380,381,960,98.981
2008,380,382,432,202.51
2008,380,383,249,340.109
2008,380,384,266,339.739
2008,380,385,1715,48.736
2008,380,386,203,178.733
2008,380,387,197,281.741
2008,380,388,96,433.525
2008,380,389,369,124.786
2008,380,390,96,278.189
2008,380,391,66,356.641
2008,380,392,165,118.216
2008,380,393,69,430.212
2008,380,394,123,325.443
2008,380,396,392,116.095
2008,380,1842,39,286.619
2008,380,2103,98,175.746
2008,381,379,6831,172.569
2008,381,380,960,99.045
2008,381,382,280,244.305
2008,381,383,162,336.081
2008,381,384,261,293.318
2008,381,385,544,78.693
2008,381,386,110,173.318
2008,381,387,186,235.613
2008,381,388,88,387.397
2008,381,389,117,132.251
2008,381,390,90,232.061
2008,381,391,59,351.498
2008,381,392,74,189.324
2008,381,393,56,384.084
2008,381,394,101,279.315
2008,381,396,479,53.074
2008,381,1842,28,282.591
2008,381,2103,62,100.763
2008,382,379,7519,167.813
2008,382,380,432,202.556
2008,382,381,280,244.261
2008,382,383,433,168.887
2008,382,384,285,264.1
2008,382,385,212,251.293
2008,382,386,840,84.98
2008,382,387,288,180.1
2008,382,388,145,330.089
2008,382,389,393,116.686
2008,382,390,108,221.949
2008,382,391,138,207.886
2008,382,392,678,92.961
2008,382,393,99,314.4
2008,382,394,149,219.262
2008,382,396,168,210.0
2008,382,1842,108,128.43
2008,382,2103,60,239.438
2008,383,379,6187,194.805
2008,383,380,249,340.546
2008,383,381,162,335.903
2008,383,382,433,168.819
2008,383,384,357,213.247
2008,383,385,95,383.341
2008,383,386,207,163.867
2008,383,387,431,148.385
2008,383,388,265,214.034
2008,383,389,103,217.798
2008,383,390,105,198.74
2008,383,391,753,61.834
2008,383,392,76,260.981
2008,383,393,388,171.658
2008,383,394,232,136.046
2008,383,396,76,297.529
2008,383,1842,504,58.558
2008,383,2103,28,298.349
2008,384,379,5402,122.013
2008,384,380,266,340.186
2008,384,381,261,292.811
2008,384,382,285,264.285
2008,384,383,357,213.001
2008,384,385,124,348.04
2008,384,386,127,202.861
2008,384,387,363,84.513
2008,384,388,473,99.161
2008,384,389,108,219.233
2008,384,390,343,64.038
2008,384,391,138,173.097
2008,384,392,102,309.825
2008,384,393,219,132.435
2008,384,394,438,77.845
2008,384,396,95,244.293
2008,384,1842,45,184.801
2008,384,2103,50,206.634
2008,385,379,4743,226.355
2008,385,380,1715,48.744
2008,385,381,544,78.979
2008,385,382,212,251.188
2008,385,383,95,382.996
2008,385,384,124,347.396
2008,385,386,95,221.619
2008,385,387,103,289.398
2008,385,388,40,441.182
2008,385,389,133,167.672
2008,385,390,64,285.846
2008,385,391,45,399.528
2008,385,392,59,166.894
2008,385,393,32,437.869
2008,385,394,52,333.1
2008,385,396,105,120.946
2008,385,1842,16,329.505
2008,385,2103,29,178.926
2008,386,379,4228,83.599
2008,386,380,203,179.291
2008,386,381,110,172.907
2008,386,382,840,84.877
2008,386,383,207,163.069
2008,386,384,127,202.706
2008,386,385,95,222.086
2008,386,387,138,121.613
2008,386,388,55,272.716
2008,386,389,245,56.543
2008,386,390,45,140.197
2008,386,391,83,178.485
2008,386,392,116,120.059
2008,386,393,45,257.026
2008,386,394,100,161.889
2008,386,396,95,134.533
2008,386,1842,49,109.578
2008,386,2103,35,157.627
2008,387,379,5060,63.921
2008,387,380,197,281.931
2008,387,381,186,236.007
2008,387,382,288,180.473
2008,387,383,431,148.53
2008,387,384,363,84.797
2008,387,385,103,289.949
2008,387,386,138,122.096
2008,387,388,162,153.36
2008,387,389,106,157.185
2008,387,390,181,50.355
2008,387,391,165,119.52
2008,387,392,54,240.899
2008,387,393,102,148.802
2008,387,394,469,44.033
2008,387,396,88,186.201
2008,387,1842,74,100.288
2008,387,2103,48,172.349
2008,388,379,2834,214.942
2008,388,380,96,433.115
2008,388,381,88,387.028
2008,388,382,145,330.402
2008,388,383,265,214.417
2008,388,384,473,99.027
2008,388,385,40,440.97
2008,388,386,55,273.445
2008,388,387,162,154.08
2008,388,389,47,311.019
2008,388,390,66,158.395
2008,388,391,63,152.582
2008,388,392,28,391.933
2008,388,393,352,53.812
2008,388,394,185,111.341
2008,388,396,31,337.222
2008,388,1842,26,223.916
2008,388,2103,17,305.404
2008,389,379,3217,98.983
2008,389,380,369,125.642
2008,389,381,117,132.238
2008,389,382,393,116.875
2008,389,383,103,217.24
2008,389,384,108,218.768
2008,389,385,133,168.437
2008,389,386,245,55.863
2008,389,387,106,157.245
2008,389,388,47,310.274
2008,389,390,55,156.799
2008,389,391,58,233.772
2008,389,392,71,100.218
2008,389,393,27,305.716
2008,389,394,85,200.947
2008,389,396,105,94.364
2008,389,1842,27,163.749
2008,389,2103,24,131.77
2008,390,379,2573,60.045
2008,390,380,96,278.218
2008,390,381,90,232.131
2008,390,382,108,221.995
2008,390,383,105,198.887
2008,390,384,343,63.473
2008,390,385,64,286.072
2008,390,386,45,140.41
2008,390,387,181,50.357
2008,390,388,66,158.611
2008,390,389,55,157.265
2008,390,391,34,169.877
2008,390,392,34,247.857
2008,390,393,26,171.909
2008,390,394,81,79.184
2008,390,396,37,182.325
2008,390,1842,18,150.645
2008,390,2103,18,162.389
2008,391,379,2447,179.654
2008,391,380,66,356.98
2008,391,381,59,351.296
2008,391,382,138,207.786
2008,391,383,753,62.004
2008,391,384,138,173.184
2008,391,385,45,399.775
2008,391,386,83,179.26
2008,391,387,165,119.505
2008,391,388,63,152.331
2008,391,389,58,234.232
2008,391,390,34,169.86
2008,391,392,28,292.169
2008,391,393,110,111.401
2008,391,394,113,95.983
2008,391,396,18,301.934
2008,391,1842,59,84.018
2008,391,2103,13,288.081
2008,392,379,2258,189.829
2008,392,380,165,117.965
2008,392,381,74,188.742
2008,392,382,678,92.785
2008,392,383,76,260.88
2008,392,384,102,309.614
2008,392,385,59,166.701
2008,392,386,116,119.652
2008,392,387,54,240.688
2008,392,388,28,391.791
2008,392,389,71,99.742
2008,392,390,34,247.645
2008,392,391,28,292.637
2008,392,393,20,376.101
2008,392,394,41,280.964
2008,392,396,37,170.962
2008,392,1842,12,213.18
2008,392,2103,22,224.463
2008,393,379,2394,213.025
2008,393,380,69,431.034
2008,393,381,56,385.111
2008,393,382,99,314.685
2008,393,383,388,171.673
2008,393,384,219,132.181
2008,393,385,32,439.052
2008,393,386,45,257.835
2008,393,387,102,149.349
2008,393,388,352,53.966
2008,393,389,27,306.288
2008,393,390,26,171.927
2008,393,391,110,111.58
2008,393,392,20,376.323
2008,393,394,138,106.465
2008,393,396,28,335.304
2008,393,1842,23,192.017
2008,393,2103,16,321.452
2008,394,379,3203,107.978
2008,394,380,123,325.988
2008,394,381,101,280.064
2008,394,382,149,219.486
2008,394,383,232,136.12
2008,394,384,438,77.851
2008,394,385,52,334.006
2008,394,386,100,162.529
2008,394,387,469,44.302
2008,394,388,185,111.068
2008,394,389,85,201.241
2008,394,390,81,79.491
2008,394,391,113,96.217
2008,394,392,41,281.017
2008,394,393,138,106.312
2008,394,396,60,230.258
2008,394,1842,54,118.321
2008,394,2103,21,216.406
2008,396,379,3524,122.857
2008,396,380,392,116.119
2008,396,381,479,53.391
2008,396,382,168,210.211
2008,396,383,76,297.623
2008,396,384,95,243.899
2008,396,385,105,120.794
2008,396,386,95,134.86
2008,396,387,88,185.9
2008,396,388,31,337.685
2008,396,389,105,94.527
2008,396,390,37,182.348
2008,396,391,18,302.375
2008,396,392,37,171.453
2008,396,393,28,334.371
2008,396,394,60,229.602
2008,396,1842,17,244.132
2008,396,2103,129,59.907
2008,1842,379,1353,141.05
2008,1842,380,39,286.79
2008,1842,381,28,282.148
2008,1842,382,108,128.11
2008,1842,383,504,58.44
2008,1842,384,45,185.057
2008,1842,385,16,329.585
2008,1842,386,49,110.111
2008,1842,387,74,100.259
2008,1842,388,26,223.575
2008,1842,389,27,164.043
2008,1842,390,18,150.615
2008,1842,391,59,83.867
2008,1842,392,12,212.494
2008,1842,393,23,191.808
2008,1842,394,54,118.504
2008,1842,396,17,243.774
2008,1842,2103,5,244.593
2008,2103,379,1535,108.681
2008,2103,380,98,175.706
2008,2103,381,62,99.977
2008,2103,382,60,239.129
2008,2103,383,28,296.935
2008,2103,384,50,206.802
2008,2103,385,29,178.671
2008,2103,386,35,157.045
2008,2103,387,48,171.724
2008,2103,388,17,305.503
2008,2103,389,24,131.756
2008,2103,390,18,162.431
2008,2103,391,13,288.199
2008,2103,392,22,224.436
2008,2103,393,16,320.195
2008,2103,394,21,215.426
2008,2103,396,129,59.807
2008,2103,1842,5,243.444
2009,379,380,8725,218.669
2009,379,381,7394,172.582
2009,379,382,7962,168.367
2009,379,383,6636,194.517
2009,379,384,5769,122.232
2009,379,385,5162,226.524
2009,379,386,4563,84.142
2009,379,387,5393,63.724
2009,379,388,2999,215.509
2009,379,389,3482,99.179
2009,379,390,2826,60.172
2009,379,391,2646,180.199
2009,379,392,2452,189.771
2009,379,393,2584,212.195
2009,379,394,3404,107.426
2009,379,396,3775,122.776
2009,379,1842,1435,141.026
2009,379,2103,1710,109.108
2009,380,379,8725,218.697
2009,380,381,1047,98.981
2009,380,382,470,202.51
2009,380,383,271,340.109
2009,380,384,286,338.663
2009,380,385,1876,48.736
2009,380,386,228,178.733
2009,380,387,227,281.741
2009,380,388,107,433.525
2009,380,389,393,124.786
2009,380,390,107,278.189
2009,380,391,74,356.641
2009,380,392,188,118.216
2009,380,393,76,430.212
2009,380,394,133,325.443
2009,380,396,423,116.095
2009,380,1842,40,286.619
2009,380,2103,105,175.746
2009,381,379,7394,172.569
2009,381,380,1047,99.045
2009,381,382,301,244.305
2009,381,383,173,336.081
2009,381,384,282,292.535
2009,381,385,581,78.693
2009,381,386,124,173.318
2009,381,387,198,235.613
2009,381,388,94,387.397
2009,381,389,129,132.251
2009,381,390,104,232.061
2009,381,391,62,351.498
2009,381,392,80,189.324
2009,381,393,65,384.084
2009,381,394,108,279.315
2009,381,396,519,53.074
2009,381,1842,30,282.591
2009,381,2103,68,100.763
2009,382,379,7962,167.813
2009,382,380,470,202.556
2009,382,381,301,244.261
2009,382,383,461,168.887
2009,382,384,297,264.1
2009,382,385,223,251.293
2009,382,386,900,84.98
2009,382,387,313,180.1
2009,382,388,154,330.089
2009,382,389,419,116.686
2009,382,390,114,221.949
2009,382,391,150,207.886
2009,382,392,728,92.961
2009,382,393,110,314.4
2009,382,394,166,219.262
2009,382,396,176,210.0
2009,382,1842,121,128.43
2009,382,2103,64,239.438
2009,383,379,6636,194.805
2009,383,380,271,340.546
2009,383,381,173,335.903
2009,383,382,461,168.819
2009,383,384,389,213.247
2009,383,385,107,383.341
2009,383,386,229,163.867
2009,383,387,455,148.385
2009,383,388,280,214.034
2009,383,389,115,217.798
2009,383,390,112,198.74
2009,383,391,816,61.834
2009,383,392,81,260.981
2009,383,393,409,171.658
2009,383,394,247,136.046
2009,383,396,78,297.529
2009,383,1842,554,58.558
2009,383,2103,33,298.349
2009,384,379,5769,122.013
2009,384,380,286,338.573
2009,384,381,282,292.486
2009,384,382,297,264.285
2009,384,383,389,213.001
2009,384,385,139,346.428
2009,384,386,141,202.861
2009,384,387,387,84.513
2009,384,388,509,99.161
2009,384,389,122,219.233
2009,384,390,376,64.038
2009,384,391,149,173.097
2009,384,392,112,309.825
2009,384,393,238,132.435
2009,384,394,468,77.845
2009,384,396,106,242.68
2009,384,1842,52,184.801
2009,384,2103,53,206.634
2009,385,379,5162,226.355
2009,385,380,1876,48.744
2009,385,381,581,78.979
2009,385,382,223,251.188
2009,385,383,107,382.996
2009,385,384,139,346.32
2009,385,386,103,221.619
2009,385,387,108,289.398
2009,385,388,48,441.182
2009,385,389,141,167.672
2009,385,390,67,285.846
2009,385,391,49,399.528
2009,385,392,61,166.894
2009,385,393,38,437.869
2009,385,394,62,333.1
2009,385,396,117,120.946
2009,385,1842,21,329.505
2009,385,2103,31,178.926
2009,386,379,4563,83.599
2009,386,380,228,179.291
2009,386,381,124,172.907
2009,386,382,900,84.877
2009,386,383,229,163.069
2009,386,384,141,202.706
2009,386,385,103,222.086
2009,386,387,150,121.613
2009,386,388,58,272.716
2009,386,389,267,56.543
2009,386,390,50,140.197
2009,386,391,94,178.485
2009,386,392,131,120.059
2009,386,393,48,257.026
2009,386,394,102,161.889
2009,386,396,102,134.533
2009,386,1842,56,109.578
2009,386,2103,39,157.627
2009,387,379,5393,63.921
2009,387,380,227,281.931
2009,387,381,198,236.007
2009,387,382,313,180.473
2009,387,383,455,148.53
2009,387,384,387,84.797
2009,387,385,108,289.949
2009,387,386,150,122.096
2009,387,388,176,153.36
2009,387,389,115,157.185
2009,387,390,197,50.355
2009,387,391,177,119.52
2009,387,392,63,240.899
2009,387,393,118,148.802
2009,387,394,513,44.033
2009,387,396,97,186.201
2009,387,1842,85,100.288
2009,387,2103,52,172.349
2009,388,379,2999,214.942
2009,388,380,107,433.115
2009,388,381,94,387.028
2009,388,382,154,330.402
2009,388,383,280,214.417
2009,388,384,509,99.027
2009,388,385,48,440.97
2009,388,386,58,273.445
2009,388,387,176,154.08
2009,388,389,52,311.019
2009,388,390,76,158.395
2009,388,391,76,152.582
2009,388,392,33,391.933
2009,388,393,380,53.812
2009,388,394,202,111.341
2009,388,396,35,337.222
2009,388,1842,26,223.916
2009,388,2103,17,305.404
2009,389,379,3482,98.983
2009,389,380,393,125.642
2009,389,381,129,132.238
2009,389,382,419,116.875
2009,389,383,115,217.24
2009,389,384,122,218.768
2009,389,385,141,168.437
2009,389,386,267,55.863
2009,389,387,115,157.245
2009,389,388,52,310.274
2009,389,390,62,156.799
2009,389,391,62,233.772
2009,389,392,82,100.218
2009,389,393,30,305.716
2009,389,394,90,200.947
2009,389,396,111,94.364
2009,389,1842,30,163.749
2009,389,2103,32,131.77
2009,390,379,2826,60.045
2009,390,380,107,278.218
2009,390,381,104,232.131
2009,390,382,114,221.995
2009,390,383,112,198.887
2009,390,384,376,63.473
2009,390,385,67,286.072
2009,390,386,50,140.41
2009,390,387,197,50.357
2009,390,388,76,158.611
2009,390,389,62,157.265
2009,390,391,38,169.877
2009,390,392,38,247.857
2009,390,393,34,171.909
2009,390,394,93,79.184
2009,390,396,38,182.325
2009,390,1842,20,150.645
2009,390,2103,22,162.389
2009,391,379,2646,179.654
2009,391,380,74,356.98
2009,391,381,62,351.296
2009,391,382,150,207.786
2009,391,383,816,62.004
2009,391,384,149,173.184
2009,391,385,49,399.775
2009,391,386,94,179.26
2009,391,387,177,119.505
2009,391,388,76,152.331
2009,391,389,62,234.232
2009,391,390,38,169.86
2009,391,392,36,292.169
2009,391,393,120,111.401
2009,391,394,122,95.983
2009,391,396,24,301.934
2009,391,1842,67,84.018
2009,391,2103,15,288.081
2009,392,379,2452,189.829
2009,392,380,188,117.965
2009,392,381,80,188.742
2009,392,382,728,92.785
2009,392,383,81,260.88
2009,392,384,112,309.614
2009,392,385,61,166.701
2009,392,386,131,119.652
2009,392,387,63,240.688
2009,392,388,33,391.791
2009,392,389,82,99.742
2009,392,390,38,247.645
2009,392,391,36,292.637
2009,392,393,22,376.101
2009,392,394,44,280.964
2009,392,396,39,170.962
2009,392,1842,12,213.18
2009,392,2103,25,224.463
2009,393,379,2584,213.025
2009,393,380,76,431.034
2009,393,381,65,385.111
2009,393,382,110,314.685
2009,393,383,409,171.673
2009,393,384,238,132.181
2009,393,385,38,439.052
2009,393,386,48,257.835
2009,393,387,118,149.349
2009,393,388,380,53.966
2009,393,389,30,306.288
2009,393,390,34,171.927
2009,393,391,120,111.58
2009,393,392,22,376.323
2009,393,394,150,106.465
2009,393,396,31,335.304
2009,393,1842,25,192.017
2009,393,2103,20,321.452
2009,394,379,3404,107.978
2009,394,380,133,325.988
2009,394,381,108,280.064
2009,394,382,166,219.486
2009,394,383,247,136.12
2009,394,384,468,77.851
2009,394,385,62,334.006
2009,394,386,102,162.529
2009,394,387,513,44.302
2009,394,388,202,111.068
2009,394,389,90,201.241
2009,394,390,93,79.491
2009,394,391,122,96.217
2009,394,392,44,281.017
2009,394,393,150,106.312
2009,394,396,64,230.258
2009,394,1842,54,118.321
2009,394,2103,24,216.406
2009,396,379,3775,122.857
2009,396,380,423,116.119
2009,396,381,519,53.391
2009,396,382,176,210.211
2009,396,383,78,297.623
2009,396,384,106,242.822
2009,396,385,117,120.794
2009,396,386,102,134.86
2009,396,387,97,185.9
2009,396,388,35,337.685
2009,396,389,111,94.527
2009,396,390,38,182.348
2009,396,391,24,302.375
2009,396,392,39,171.453
2009,396,393,31,334.371
2009,396,394,64,229.602
2009,396,1842,18,244.132
2009,396,2103,150,59.907
2009,1842,379,1435,141.05
2009,1842,380,40,286.79
2009,1842,381,30,282.148
2009,1842,382,121,128.11
2009,1842,383,554,58.44
2009,1842,384,52,185.057
2009,1842,385,21,329.585
2009,1842,386,56,110.111
2009,1842,387,85,100.259
2009,1842,388,26,223.575
2009,1842,389,30,164.043
2009,1842,390,20,150.615
2009,1842,391,67,83.867
2009,1842,392,12,212.494
2009,1842,393,25,191.808
2009,1842,394,54,118.504
2009,1842,396,18,243.774
2009,1842,2103,6,244.593
2009,2103,379,1710,108.681
2009,2103,380,105,175.706
2009,2103,381,68,99.977
2009,2103,382,64,239.129
2009,2103,383,33,296.935
2009,2103,384,53,206.802
2009,2103,385,31,178.671
2009,2103,386,39,157.045
2009,2103,387,52,171.724
2009,2103,388,17,305.503
2009,2103,389,32,131.756
2009,2103,390,22,162.431
2009,2103,391,15,288.199
2009,2103,392,25,224.436
2009,2103,393,20,320.195
2009,2103,394,24,215.426
2009,2103,396,150,59.807
2009,2103,1842,6,243.444
2010,379,380,9149,218.669
2010,379,381,7839,172.582
2010,379,382,8292,168.367
2010,379,383,6991,194.517
2010,379,384,6028,122.232
2010,379,385,5500,226.524
2010,379,386,4776,84.142
2010,379,387,5630,63.724
2010,379,388,3112,215.509
2010,379,389,3698,99.179
2010,379,390,2982,60.172
2010,379,391,2809,180.199
2010,379,392,2573,189.771
2010,379,393,2730,212.195
2010,379,394,3531,107.426
2010,379,396,3945,122.776
2010,379,1842,1499,141.026
2010,379,2103,1822,109.108
2010,380,379,9149,218.697
2010,380,381,1108,98.981
2010,380,382,507,202.51
2010,380,383,301,340.109
2010,380,384,305,338.663
2010,380,385,1999,48.736
2010,380,386,243,178.733
2010,380,387,237,281.741
2010,380,388,114,433.525
2010,380,389,420,124.786
2010,380,390,119,278.189
2010,380,391,83,356.641
2010,380,392,202,118.216
2010,380,393,80,430.212
2010,380,394,142,325.443
2010,380,396,451,116.095
2010,380,1842,41,286.619
2010,380,2103,113,175.746
2010,381,379,7839,172.569
2010,381,380,1108,99.045
2010,381,382,331,244.305
2010,381,383,189,336.081
2010,381,384,314,292.535
2010,381,385,619,78.693
2010,381,386,133,173.318
2010,381,387,208,235.613
2010,381,388,101,387.397
2010,381,389,141,132.251
2010,381,390,110,232.061
2010,381,391,71,351.498
2010,381,392,87,189.324
2010,381,393,70,384.084
2010,381,394,115,279.315
2010,381,396,561,53.074
2010,381,1842,33,282.591
2010,381,2103,70,100.763
2010,382,379,8292,167.813
2010,382,380,507,202.556
2010,382,381,331,244.261
2010,382,383,497,168.887
2010,382,384,322,264.1
2010,382,385,237,251.293
2010,382,386,943,84.98
2010,382,387,320,180.1
2010,382,388,162,330.089
2010,382,389,439,116.686
2010,382,390,121,221.949
2010,382,391,161,207.886
2010,382,392,761,92.961
2010,382,393,116,314.4
2010,382,394,176,219.262
2010,382,396,183,210.0
2010,382,1842,132,128.43
2010,382,2103,71,239.438
2010,383,379,6991,194.805
2010,383,380,301,340.546
2010,383,381,189,335.903
2010,383,382,497,168.819
2010,383,384,408,213.247
2010,383,385,123,383.341
2010,383,386,239,163.867
2010,383,387,482,148.385
2010,383,388,295,214.034
2010,383,389,128,217.798
2010,383,390,122,198.74
2010,383,391,879,61.834
2010,383,392,87,260.981
2010,383,393,427,171.658
2010,383,394,256,136.046
2010,383,396,83,297.529
2010,383,1842,575,58.558
2010,383,2103,35,298.349
2010,384,379,6028,122.013
2010,384,380,305,338.573
2010,384,381,314,292.486
2010,384,382,322,264.285
2010,384,383,408,213.001
2010,384,385,144,346.428
2010,384,386,154,202.861
2010,384,387,404,84.513
2010,384,388,538,99.161
2010,384,389,127,219.233
2010,384,390,396,64.038
2010,384,391,154,173.097
2010,384,392,125,309.825
2010,384,393,251,132.435
2010,384,394,497,77.845
2010,384,396,112,242.68
2010,384,1842,60,184.801
2010,384,2103,63,206.634
2010,385,379,5500,226.355
2010,385,380,1999,48.744
2010,385,381,619,78.979
2010,385,382,237,251.188
2010,385,383,123,382.996
2010,385,384,144,346.32
2010,385,386,109,221.619
2010,385,387,119,289.398
2010,385,388,53,441.182
2010,385,389,148,167.672
2010,385,390,71,285.846
2010,385,391,51,399.528
2010,385,392,63,166.894
2010,385,393,43,437.869
2010,385,394,67,333.1
2010,385,396,121,120.946
2010,385,1842,21,329.505
2010,385,2103,38,178.926
2010,386,379,4776,83.599
2010,386,380,243,179.291
2010,386,381,133,172.907
2010,386,382,943,84.877
2010,386,383,239,163.069
2010,386,384,154,202.706
2010,386,385,109,222.086
2010,386,387,161,121.613
2010,386,388,61,272.716
2010,386,389,288,56.543
2010,386,390,51,140.197
2010,386,391,99,178.485
2010,386,392,144,120.059
2010,386,393,51,257.026
2010,386,394,104,161.889
2010,386,396,103,134.533
2010,386,1842,58,109.578
2010,386,2103,45,157.627
2010,387,379,5630,63.921
2010,387,380,237,281.931
2010,387,381,208,236.007
2010,387,382,320,180.473
2010,387,383,482,148.53
2010,387,384,404,84.797
2010,387,385,119,289.949
2010,387,386,161,122.096
2010,387,388,179,153.36
2010,387,389,124,157.185
2010,387,390,215,50.355
2010,387,391,187,119.52
2010,387,392,66,240.899
2010,387,393,120,148.802
2010,387,394,546,44.033
2010,387,396,104,186.201
2010,387,1842,94,100.288
2010,387,2103,58,172.349
2010,388,379,3112,214.942
2010,388,380,114,433.115
2010,388,381,101,387.028
2010,388,382,162,330.402
2010,388,383,295,214.417
2010,388,384,538,99.027
2010,388,385,53,440.97
2010,388,386,61,273.445
2010,388,387,179,154.08
2010,388,389,57,311.019
2010,388,390,77,158.395
2010,388,391,79,152.582
2010,388,392,35,391.933
2010,388,393,413,53.812
2010,388,394,209,111.341
2010,388,396,36,337.222
2010,388,1842,29,223.916
2010,388,2103,17,305.404
2010,389,379,3698,98.983
2010,389,380,420,125.642
2010,389,381,141,132.238
2010,389,382,439,116.875
2010,389,383,128,217.24
2010,389,384,127,218.768
2010,389,385,148,168.437
2010,389,386,288,55.863
2010,389,387,124,157.245
2010,389,388,57,310.274
2010,389,390,66,156.799
2010,389,391,66,233.772
2010,389,392,92,100.218
2010,389,393,35,305.716
2010,389,394,96,200.947
2010,389,396,115,94.364
2010,389,1842,36,163.749
2010,389,2103,34,131.77
2010,390,379,2982,60.045
2010,390,380,119,278.218
2010,390,381,110,232.131
2010,390,382,121,221.995
2010,390,383,122,198.887
2010,390,384,396,63.473
2010,390,385,71,286.072
2010,390,386,51,140.41
2010,390,387,215,50.357
2010,390,388,77,158.611
2010,390,389,66,157.265
2010,390,391,43,169.877
2010,390,392,42,247.857
2010,390,393,38,171.909
2010,390,394,97,79.184
2010,390,396,41,182.325
2010,390,1842,21,150.645
2010,390,2103,25,162.389
2010,391,379,2809,179.654
2010,391,380,83,356.98
2010,391,381,71,351.296
2010,391,382,161,207.786
2010,391,383,879,62.004
2010,391,384,154,173.184
2010,391,385,51,399.775
2010,391,386,99,179.26
2010,391,387,187,119.505
2010,391,388,79,152.331
2010,391,389,66,234.232
2010,391,390,43,169.86
2010,391,392,39,292.169
2010,391,393,124,111.401
2010,391,394,130,95.983
2010,391,396,33,301.934
2010,391,1842,69,84.018
2010,391,2103,16,288.081
2010,392,379,2573,189.829
2010,392,380,202,117.965
2010,392,381,87,188.742
2010,392,382,761,92.785
2010,392,383,87,260.88
2010,392,384,125,309.614
2010,392,385,63,166.701
2010,392,386,144,119.652
2010,392,387,66,240.688
2010,392,388,35,391.791
2010,392,389,92,99.742
2010,392,390,42,247.645
2010,392,391,39,292.637
2010,392,393,25,376.101
2010,392,394,47,280.964
2010,392,396,41,170.962
2010,392,1842,12,213.18
2010,392,2103,26,224.463
2010,393,379,2730,213.025
2010,393,380,80,431.034
2010,393,381,70,385.111
2010,393,382,116,314.685
2010,393,383,427,171.673
2010,393,384,251,132.181
2010,393,385,43,439.052
2010,393,386,51,257.835
2010,393,387,120,149.349
2010,393,388,413,53.966
2010,393,389,35,306.288
2010,393,390,38,171.927
2010,393,391,124,111.58
2010,393,392,25,376.323
2010,393,394,163,106.465
2010,393,396,32,335.304
2010,393,1842,28,192.017
2010,393,2103,25,321.452
2010,394,379,3531,107.978
2010,394,380,142,325.988
2010,394,381,115,280.064
2010,394,382,176,219.486
2010,394,383,256,136.12
2010,394,384,497,77.851
2010,394,385,67,334.006
2010,394,386,104,162.529
2010,394,387,546,44.302
2010,394,388,209,111.068
2010,394,389,96,201.241
2010,394,390,97,79.491
2010,394,391,130,96.217
2010,394,392,47,281.017
2010,394,393,163,106.312
2010,394,396,70,230.258
2010,394,1842,58,118.321
2010,394,2103,25,216.406
2010,396,379,3945,122.857
2010,396,380,451,116.119
2010,396,381,561,53.391
2010,396,382,183,210.211
2010,396,383,83,297.623
2010,396,384,112,242.822
2010,396,385,121,120.794
2010,396,386,103,134.86
2010,396,387,104,185.9
2010,396,388,36,337.685
2010,396,389,115,94.527
2010,396,390,41,182.348
2010,396,391,33,302.375
2010,396,392,41,171.453
2010,396,393,32,334.371
2010,396,394,70,229.602
2010,396,1842,18,244.132
2010,396,2103,160,59.907
2010,1842,379,1499,141.05
2010,1842,380,41,286.79
2010,1842,381,33,282.148
2010,1842,382,132,128.11
2010,1842,383,575,58.44
2010,1842,384,60,185.057
2010,1842,385,21,329.585
2010,1842,386,58,110.111
2010,1842,387,94,100.259
2010,1842,388,29,223.575
2010,1842,389,36,164.043
2010,1842,390,21,150.615
2010,1842,391,69,83.867
2010,1842,392,12,212.494
2010,1842,393,28,191.808
2010,1842,394,58,118.504
2010,1842,396,18,243.774
2010,1842,2103,9,244.593
2010,2103,379,1822,108.681
2010,2103,380,113,175.706
2010,2103,381,70,99.977
2010,2103,382,71,239.129
2010,2103,383,35,296.935
2010,2103,384,63,206.802
2010,2103,385,38,178.671
2010,2103,386,45,157.045
2010,2103,387,58,171.724
2010,2103,388,17,305.503
2010,2103,389,34,131.756
2010,2103,390,25,162.431
2010,2103,391,16,288.199
2010,2103,392,26,224.436
2010,2103,393,25,320.195
2010,2103,394,25,215.426
2010,2103,396,160,59.807
2010,2103,1842,9,243.444
2011,379,380,9245,218.669
2011,379,381,7941,172.582
2011,379,382,8369,168.21
2011,379,383,7049,193.454
2011,379,384,6075,122.068
2011,379,385,5570,226.524
2011,379,386,4827,83.75
2011,379,387,5665,63.56
2011,379,388,3140,215.436
2011,379,389,3732,99.022
2011,379,390,3021,60.099
2011,379,391,2841,180.035
2011,379,392,2597,189.614
2011,379,393,2750,212.031
2011,379,394,3563,107.262
2011,379,396,3983,122.776
2011,379,1842,1525,139.963
2011,379,2103,1844,109.108
2011,380,379,9245,218.697
2011,380,381,1123,98.981
2011,380,382,515,202.51
2011,380,383,304,340.109
2011,380,384,311,338.663
2011,380,385,2029,48.736
2011,380,386,244,178.733
2011,380,387,239,281.64
2011,380,388,115,433.516
2011,380,389,424,124.786
2011,380,390,120,278.179
2011,380,391,84,356.641
2011,380,392,205,118.216
2011,380,393,81,430.111
2011,380,394,146,325.342
2011,380,396,460,116.095
2011,380,1842,41,286.619
2011,380,2103,114,175.746
2011,381,379,7941,172.569
2011,381,380,1123,99.045
2011,381,382,337,244.305
2011,381,383,192,336.081
2011,381,384,319,292.535
2011,381,385,626,78.693
2011,381,386,135,173.318
2011,381,387,208,235.512
2011,381,388,103,387.388
2011,381,389,141,132.251
2011,381,390,115,232.051
2011,381,391,71,351.498
2011,381,392,87,189.324
2011,381,393,72,383.983
2011,381,394,115,279.214
2011,381,396,562,53.074
2011,381,1842,33,282.591
2011,381,2103,70,100.763
2011,382,379,8369,167.813
2011,382,380,515,202.556
2011,382,381,337,244.261
2011,382,383,502,168.887
2011,382,384,328,264.1
2011,382,385,238,251.293
2011,382,386,953,84.98
2011,382,387,323,180.1
2011,382,388,162,330.089
2011,382,389,440,116.686
2011,382,390,122,221.949
2011,382,391,163,207.886
2011,382,392,767,92.961
2011,382,393,116,314.4
2011,382,394,177,219.262
2011,382,396,184,210.0
2011,382,1842,133,128.43
2011,382,2103,72,239.438
2011,383,379,7049,194.44
2011,383,380,304,340.546
2011,383,381,192,335.903
2011,383,382,502,168.819
2011,383,384,409,213.247
2011,383,385,128,383.341
2011,383,386,242,163.867
2011,383,387,486,148.385
2011,383,388,295,214.034
2011,383,389,128,217.798
2011,383,390,123,198.74
2011,383,391,890,61.834
2011,383,392,87,260.981
2011,383,393,435,171.658
2011,383,394,256,136.046
2011,383,396,84,297.529
2011,383,1842,581,58.558
2011,383,2103,35,298.349
2011,384,379,6075,122.013
2011,384,380,311,338.573
2011,384,381,319,292.486
2011,384,382,328,264.285
2011,384,383,409,213.001
2011,384,385,146,346.428
2011,384,386,158,202.861
2011,384,387,409,84.513
2011,384,388,541,99.161
2011,384,389,128,219.233
2011,384,390,401,64.038
2011,384,391,156,173.097
2011,384,392,126,309.825
2011,384,393,256,132.435
2011,384,394,504,77.845
2011,384,396,113,242.68
2011,384,1842,62,184.801
2011,384,2103,66,206.634
2011,385,379,5570,226.355
2011,385,380,2029,48.744
2011,385,381,626,78.979
2011,385,382,238,251.188
2011,385,383,128,382.996
2011,385,384,146,346.32
2011,385,386,112,221.619
2011,385,387,123,289.297
2011,385,388,53,441.173
2011,385,389,148,167.672
2011,385,390,73,285.836
2011,385,391,51,399.528
2011,385,392,63,166.894
2011,385,393,43,437.769
2011,385,394,68,333.0
2011,385,396,121,120.946
2011,385,1842,21,329.505
2011,385,2103,39,178.926
2011,386,379,4827,83.599
2011,386,380,244,179.291
2011,386,381,135,172.907
2011,386,382,953,84.877
2011,386,383,242,163.069
2011,386,384,158,202.706
2011,386,385,112,222.086
2011,386,387,163,121.613
2011,386,388,63,272.716
2011,386,389,295,56.543
2011,386,390,51,140.197
2011,386,391,99,178.485
2011,386,392,147,120.059
2011,386,393,52,257.026
2011,386,394,105,161.889
2011,386,396,104,134.533
2011,386,1842,60,109.578
2011,386,2103,45,157.627
2011,387,379,5665,63.921
2011,387,380,239,281.931
2011,387,381,208,236.007
2011,387,382,323,180.473
2011,387,383,486,148.53
2011,387,384,409,84.797
2011,387,385,123,289.949
2011,387,386,163,122.096
2011,387,388,183,153.36
2011,387,389,125,157.185
2011,387,390,217,50.355
2011,387,391,189,119.52
2011,387,392,66,240.899
2011,387,393,122,148.802
2011,387,394,552,44.033
2011,387,396,104,186.201
2011,387,1842,97,100.288
2011,387,2103,59,172.349
2011,388,379,3140,214.942
2011,388,380,115,433.115
2011,388,381,103,387.028
2011,388,382,162,330.402
2011,388,383,295,214.417
2011,388,384,541,99.027
2011,388,385,53,440.97
2011,388,386,63,273.445
2011,388,387,183,154.08
2011,388,389,60,311.019
2011,388,390,80,158.395
2011,388,391,80,152.582
2011,388,392,35,391.933
2011,388,393,418,53.812
2011,388,394,211,111.341
2011,388,396,37,337.222
2011,388,1842,29,223.916
2011,388,2103,19,305.404
2011,389,379,3732,98.983
2011,389,380,424,125.642
2011,389,381,141,132.238
2011,389,382,440,116.875
2011,389,383,128,217.24
2011,389,384,128,218.768
2011,389,385,148,168.437
2011,389,386,295,55.863
2011,389,387,125,157.245
2011,389,388,60,310.274
2011,389,390,67,156.799
2011,389,391,67,233.772
2011,389,392,94,100.218
2011,389,393,36,305.716
2011,389,394,96,200.947
2011,389,396,116,94.364
2011,389,1842,36,163.749
2011,389,2103,34,131.77
2011,390,379,3021,60.045
2011,390,380,120,278.218
2011,390,381,115,232.131
2011,390,382,122,221.995
2011,390,383,123,198.887
2011,390,384,401,63.473
2011,390,385,73,286.072
2011,390,386,51,140.41
2011,390,387,217,50.357
2011,390,388,80,158.611
2011,390,389,67,157.265
2011,390,391,44,169.877
2011,390,392,43,247.857
2011,390,393,39,171.909
2011,390,394,97,79.184
2011,390,396,42,182.325
2011,390,1842,21,150.645
2011,390,2103,25,162.389
2011,391,379,2841,179.654
2011,391,380,84,356.98
2011,391,381,71,351.296
2011,391,382,163,207.786
2011,391,383,890,62.004
2011,391,384,156,173.184
2011,391,385,51,399.775
2011,391,386,99,179.26
2011,391,387,189,119.505
2011,391,388,80,152.331
2011,391,389,67,234.232
2011,391,390,44,169.86
2011,391,392,39,292.169
2011,391,393,125,111.401
2011,391,394,130,95.983
2011,391,396,33,301.934
2011,391,1842,73,84.018
2011,391,2103,16,288.081
2011,392,379,2597,189.829
2011,392,380,205,117.965
2011,392,381,87,188.742
2011,392,382,767,92.785
2011,392,383,87,260.88
2011,392,384,126,309.614
2011,392,385,63,166.701
2011,392,386,147,119.652
2011,392,387,66,240.688
2011,392,388,35,391.791
2011,392,389,94,99.742
2011,392,390,43,247.645
2011,392,391,39,292.637
2011,392,393,25,376.101
2011,392,394,49,280.964
2011,392,396,42,170.962
2011,392,1842,12,213.18
2011,392,2103,26,224.463
2011,393,379,2750,213.025
2011,393,380,81,431.034
2011,393,381,72,385.111
2011,393,382,116,314.685
2011,393,383,435,171.673
2011,393,384,256,132.181
2011,393,385,43,439.052
2011,393,386,52,257.835
2011,393,387,122,149.349
2011,393,388,418,53.966
2011,393,389,36,306.288
2011,393,390,39,171.927
2011,393,391,125,111.58
2011,393,392,25,376.323
2011,393,394,165,106.465
2011,393,396,32,335.304
2011,393,1842,28,192.017
2011,393,2103,25,321.452
2011,394,379,3563,107.978
2011,394,380,146,325.988
2011,394,381,115,280.064
2011,394,382,177,219.486
2011,394,383,256,136.12
2011,394,384,504,77.851
2011,394,385,68,334.006
2011,394,386,105,162.529
2011,394,387,552,44.302
2011,394,388,211,111.068
2011,394,389,96,201.241
2011,394,390,97,79.491
2011,394,391,130,96.217
2011,394,392,49,281.017
2011,394,393,165,106.312
2011,394,396,70,230.258
2011,394,1842,58,118.321
2011,394,2103,25,216.406
2011,396,379,3983,122.857
2011,396,380,460,116.119
2011,396,381,562,53.391
2011,396,382,184,210.211
2011,396,383,84,297.623
2011,396,384,113,242.822
2011,396,385,121,120.794
2011,396,386,104,134.86
2011,396,387,104,185.8
2011,396,388,37,337.675
2011,396,389,116,94.527
2011,396,390,42,182.338
2011,396,391,33,302.275
2011,396,392,42,171.453
2011,396,393,32,334.271
2011,396,394,70,229.502
2011,396,1842,18,244.132
2011,396,2103,161,59.907
2011,1842,379,1525,140.685
2011,1842,380,41,286.79
2011,1842,381,33,282.148
2011,1842,382,133,128.11
2011,1842,383,581,58.44
2011,1842,384,62,185.057
2011,1842,385,21,329.585
2011,1842,386,60,110.111
2011,1842,387,97,100.259
2011,1842,388,29,223.575
2011,1842,389,36,164.043
2011,1842,390,21,150.615
2011,1842,391,73,83.867
2011,1842,392,12,212.494
2011,1842,393,28,191.808
2011,1842,394,58,118.504
2011,1842,396,18,243.774
2011,1842,2103,9,244.593
2011,2103,379,1844,108.681
2011,2103,380,114,175.706
2011,2103,381,70,99.977
2011,2103,382,72,239.129
2011,2103,383,35,296.935
2011,2103,384,66,206.802
2011,2103,385,39,178.671
2011,2103,386,45,157.045
2011,2103,387,59,171.606
2011,2103,388,19,305.503
2011,2103,389,34,131.756
2011,2103,390,25,162.431
2011,2103,391,16,288.081
2011,2103,392,26,224.436
2011,2103,393,25,320.077
2011,2103,394,25,215.308
2011,2103,396,161,59.807
2011,2103,1842,9,243.444
2012,379,380,9252,218.669
2012,379,381,7950,172.582
2012,379,382,8376,168.21
2012,379,383,7050,193.454
2012,379,384,6078,122.068
2012,379,385,5574,226.524
2012,379,386,4830,83.75
2012,379,387,5669,63.56
2012,379,388,3142,215.436
2012,379,389,3735,99.022
2012,379,390,3021,60.099
2012,379,391,2844,180.035
2012,379,392,2599,189.614
2012,379,393,2753,212.031
2012,379,394,3565,107.262
2012,379,396,3984,122.776
2012,379,1842,1528,139.963
2012,379,2103,1846,109.108
2012,380,379,9252,218.697
2012,380,381,1124,98.981
2012,380,382,515,202.51
2012,380,383,304,340.109
2012,380,384,311,338.663
2012,380,385,2030,48.736
2012,380,386,245,178.733
2012,380,387,239,281.64
2012,380,388,116,433.516
2012,380,389,425,124.786
2012,380,390,120,278.179
2012,380,391,84,356.641
2012,380,392,205,118.216
2012,380,393,81,430.111
2012,380,394,146,325.342
2012,380,396,460,116.095
2012,380,1842,41,286.619
2012,380,2103,114,175.746
2012,381,379,7950,172.569
2012,381,380,1124,99.045
2012,381,382,337,244.305
2012,381,383,192,336.081
2012,381,384,319,292.535
2012,381,385,627,78.693
2012,381,386,135,173.318
2012,381,387,209,235.512
2012,381,388,103,387.388
2012,381,389,141,132.251
2012,381,390,116,232.051
2012,381,391,71,351.498
2012,381,392,87,189.324
2012,381,393,73,383.983
2012,381,394,115,279.214
2012,381,396,562,53.074
2012,381,1842,33,282.591
2012,381,2103,70,100.763
2012,382,379,8376,167.813
2012,382,380,515,202.556
2012,382,381,337,244.261
2012,382,383,502,168.887
2012,382,384,328,264.1
2012,382,385,238,251.293
2012,382,386,954,84.98
2012,382,387,324,180.1
2012,382,388,162,330.089
2012,382,389,440,116.686
2012,382,390,123,221.949
2012,382,391,163,207.886
2012,382,392,767,92.961
2012,382,393,116,314.4
2012,382,394,177,219.262
2012,382,396,184,210.0
2012,382,1842,133,128.43
2012,382,2103,72,239.438
2012,383,379,7050,194.44
2012,383,380,304,340.546
2012,383,381,192,335.903
2012,383,382,502,168.819
2012,383,384,409,213.247
2012,383,385,128,383.341
2012,383,386,242,163.867
2012,383,387,487,148.385
2012,383,388,295,214.034
2012,383,389,128,217.798
2012,383,390,123,198.74
2012,383,391,893,61.834
2012,383,392,87,260.981
2012,383,393,436,171.658
2012,383,394,256,136.046
2012,383,396,84,297.529
2012,383,1842,582,58.558
2012,383,2103,35,298.349
2012,384,379,6078,122.013
2012,384,380,311,338.573
2012,384,381,319,292.486
2012,384,382,328,264.285
2012,384,383,409,213.001
2012,384,385,146,346.428
2012,384,386,158,202.861
2012,384,387,409,84.513
2012,384,388,541,99.161
2012,384,389,128,219.233
2012,384,390,401,64.038
2012,384,391,156,173.097
2012,384,392,127,309.825
2012,384,393,257,132.435
2012,384,394,504,77.845
2012,384,396,113,242.68
2012,384,1842,62,184.801
2012,384,2103,67,206.634
2012,385,379,5574,226.355
2012,385,380,2030,48.744
2012,385,381,627,78.979
2012,385,382,238,251.188
2012,385,383,128,382.996
2012,385,384,146,346.32
2012,385,386,112,221.619
2012,385,387,123,289.297
2012,385,388,53,441.173
2012,385,389,148,167.672
2012,385,390,73,285.836
2012,385,391,51,399.528
2012,385,392,63,166.894
2012,385,393,43,437.769
2012,385,394,68,333.0
2012,385,396,121,120.946
2012,385,1842,21,329.505
2012,385,2103,39,178.926
2012,386,379,4830,83.599
2012,386,380,245,179.291
2012,386,381,135,172.907
2012,386,382,954,84.877
2012,386,383,242,163.069
2012,386,384,158,202.706
2012,386,385,112,222.086
2012,386,387,163,121.613
2012,386,388,64,272.716
2012,386,389,295,56.543
2012,386,390,51,140.197
2012,386,391,99,178.485
2012,386,392,147,120.059
2012,386,393,52,257.026
2012,386,394,105,161.889
2012,386,396,104,134.533
2012,386,1842,60,109.578
2012,386,2103,45,157.627
2012,387,379,5669,63.921
2012,387,380,239,281.931
2012,387,381,209,236.007
2012,387,382,324,180.473
2012,387,383,487,148.53
2012,387,384,409,84.797
2012,387,385,123,289.949
2012,387,386,163,122.096
2012,387,388,183,153.36
2012,387,389,125,157.185
2012,387,390,217,50.355
2012,387,391,189,119.52
2012,387,392,66,240.899
2012,387,393,122,148.802
2012,387,394,553,44.033
2012,387,396,105,186.201
2012,387,1842,97,100.288
2012,387,2103,59,172.349
2012,388,379,3142,214.942
2012,388,380,116,433.115
2012,388,381,103,387.028
2012,388,382,162,330.402
2012,388,383,295,214.417
2012,388,384,541,99.027
2012,388,385,53,440.97
2012,388,386,64,273.445
2012,388,387,183,154.08
2012,388,389,60,311.019
2012,388,390,80,158.395
2012,388,391,80,152.582
2012,388,392,35,391.933
2012,388,393,418,53.812
2012,388,394,211,111.341
2012,388,396,37,337.222
2012,388,1842,29,223.916
2012,388,2103,19,305.404
2012,389,379,3735,98.983
2012,389,380,425,125.642
2012,389,381,141,132.238
2012,389,382,440,116.875
2012,389,383,128,217.24
2012,389,384,128,218.768
2012,389,385,148,168.437
2012,389,386,295,55.863
2012,389,387,125,157.245
2012,389,388,60,310.274
2012,389,390,67,156.799
2012,389,391,67,233.772
2012,389,392,94,100.218
2012,389,393,36,305.716
2012,389,394,96,200.947
2012,389,396,116,94.364
2012,389,1842,36,163.749
2012,389,2103,34,131.77
2012,390,379,3021,60.045
2012,390,380,120,278.218
2012,390,381,116,232.131
2012,390,382,123,221.995
2012,390,383,123,198.887
2012,390,384,401,63.473
2012,390,385,73,286.072
2012,390,386,51,140.41
2012,390,387,217,50.357
2012,390,388,80,158.611
2012,390,389,67,157.265
2012,390,391,44,169.877
2012,390,392,43,247.857
2012,390,393,39,171.909
2012,390,394,97,79.184
2012,390,396,42,182.325
2012,390,1842,21,150.645
2012,390,2103,25,162.389
2012,391,379,2844,179.654
2012,391,380,84,356.98
2012,391,381,71,351.296
2012,391,382,163,207.786
2012,391,383,893,62.004
2012,391,384,156,173.184
2012,391,385,51,399.775
2012,391,386,99,179.26
2012,391,387,189,119.505
2012,391,388,80,152.331
2012,391,389,67,234.232
2012,391,390,44,169.86
2012,391,392,40,292.169
2012,391,393,125,111.401
2012,391,394,130,95.983
2012,391,396,33,301.934
2012,391,1842,73,84.018
2012,391,2103,16,288.081
2012,392,379,2599,189.829
2012,392,380,205,117.965
2012,392,381,87,188.742
2012,392,382,767,92.785
2012,392,383,87,260.88
2012,392,384,127,309.614
2012,392,385,63,166.701
2012,392,386,147,119.652
2012,392,387,66,240.688
2012,392,388,35,391.791
2012,392,389,94,99.742
2012,392,390,43,247.645
2012,392,391,40,292.637
2012,392,393,25,376.101
2012,392,394,49,280.964
2012,392,396,43,170.962
2012,392,1842,12,213.18
2012,392,2103,26,224.463
2012,393,379,2753,213.025
2012,393,380,81,431.034
2012,393,381,73,385.111
2012,393,382,116,314.685
2012,393,383,436,171.673
2012,393,384,257,132.181
2012,393,385,43,439.052
2012,393,386,52,257.835
2012,393,387,122,149.349
2012,393,388,418,53.966
2012,393,389,36,306.288
2012,393,390,39,171.927
2012,393,391,125,111.58
2012,393,392,25,376.323
2012,393,394,165,106.465
2012,393,396,32,335.304
2012,393,1842,28,192.017
2012,393,2103,25,321.452
2012,394,379,3565,107.978
2012,394,380,146,325.988
2012,394,381,115,280.064
2012,394,382,177,219.486
2012,394,383,256,136.12
2012,394,384,504,77.851
2012,394,385,68,334.006
2012,394,386,105,162.529
2012,394,387,553,44.302
2012,394,388,211,111.068
2012,394,389,96,201.241
2012,394,390,97,79.491
2012,394,391,130,96.217
2012,394,392,49,281.017
2012,394,393,165,106.312
2012,394,396,70,230.258
2012,394,1842,58,118.321
2012,394,2103,25,216.406
2012,396,379,3984,122.857
2012,396,380,460,116.119
2012,396,381,562,53.391
2012,396,382,184,210.211
2012,396,383,84,297.623
2012,396,384,113,242.822
2012,396,385,121,120.794
2012,396,386,104,134.86
2012,396,387,105,185.8
2012,396,388,37,337.675
2012,396,389,116,94.527
2012,396,390,42,182.338
2012,396,391,33,302.275
2012,396,392,43,171.453
2012,396,393,32,334.271
2012,396,394,70,229.502
2012,396,1842,18,244.132
2012,396,2103,161,59.907
2012,1842,379,1528,140.685
2012,1842,380,41,286.79
2012,1842,381,33,282.148
2012,1842,382,133,128.11
2012,1842,383,582,58.44
2012,1842,384,62,185.057
2012,1842,385,21,329.585
2012,1842,386,60,110.111
2012,1842,387,97,100.259
2012,1842,388,29,223.575
2012,1842,389,36,164.043
2012,1842,390,21,150.615
2012,1842,391,73,83.867
2012,1842,392,12,212.494
2012,1842,393,28,191.808
2012,1842,394,58,118.504
2012,1842,396,18,243.774
2012,1842,2103,9,244.593
2012,2103,379,1846,108.681
2012,2103,380,114,175.706
2012,2103,381,70,99.977
2012,2103,382,72,239.129
2012,2103,383,35,296.935
2012,2103,384,67,206.802
2012,2103,385,39,178.671
2012,2103,386,45,157.045
2012,2103,387,59,171.606
2012,2103,388,19,305.503
2012,2103,389,34,131.756
2012,2103,390,25,162.431
2012,2103,391,16,288.081
2012,2103,392,26,224.436
2012,2103,393,25,320.077
2012,2103,394,25,215.308
2012,2103,396,161,59.807
2012,2103,1842,9,243.444
